问题,A,B,C,D,答案
1、中国共产党领导的多党合作和政治协商制度是一项具有中国特色的(   )。,基本制度,政治制度,社会主义制度,基本政治制度	,： D
2、一九三零年一月，毛泽东在《星星之火，可以燎原》一文中写道:“我所说的中国革命高潮快要到来，决不是如有些人所谓有到来之可能那样完全没有行动意义的、可望而不可即的一种空的东西。它是站在海岸遥望海中已经看得见桅杆尖头了的一只航船，它是立于高山之巅远看东方已见光芒四射喷薄欲出的一轮朝日，它是躁动于母腹中的快要成熟了的一个婴儿。”这段话是针对当时党内和红军中存在的(   )。,在全国范围内先争取群众后建立政权的理论,御敌于国门之外的主张,“红旗到底打得多久”的疑问,一省或数省的首先胜利的设想,： C
3、人民解放军占领南京是在1949年 ( ), 2-23, 3-23, 4-23, 5-23,： C
(   )是中国特色社会主义事业的领导力量。,全国各族人民,精英分子,中国共产党,爱国统一战线,： C
5、党的政治建设是党的根本性建设，决定(   )。,党的建设方向和效果,党的建设的目标和价值,党的建设的方向和价值,党的建设的途径和方法,： A
6、政治体制改革要着重加强(   )，实现社会主义民主政治的制度化、规范化和程序化。,社会建设,司法建设,制度建设,执法建设,： C
7、新冠肺炎疫情发生后，党中央将疫情防控作为头等大事来抓，习近平总书记亲自指挥、亲自部署，坚持把（）放在第一位。,人民生命安全和身体健康,控制疫情和经济社会发展 ,人民生命安全和经济社会发展 ,控制疫情和疫苗研发,： A
8、下列关于全面小康社会的建设进程的认识，错误的是（）。,是一种不平衡的发展过程,必须保持各地平衡发展，不允许出现贫富不均,支持部分地区率先实现现代化,必须坚持以经济建设为中心,： B
9、1925年，国民政府建立于 ( ),南京,北京,广州,武汉,： C
"10、在今天我们所处的时代,任何一个具有最起码爱国情怀的人,都应该大力弘扬(   )。",以爱岗敬业为核心的时代精神,以淡泊名利为核心的时代精神,以改革开放为核心的时代精神,以艰苦奋斗为核心的时代精神,： C
11、深化供给侧结构性改革，必须持续推进(   )，优化市场供求结构。,“一去一降一补”,“二去一降一补”,“三去一降一补”,“四去一降一补”,： C
12、1941年5月，毛泽东做了 ( ) 的报告，整风运动首先在党的高级干部中进行。,《改造我们的学习》,《新民主主义论》,《反对党八股》,《整顿党的作风》,： A
"13、中国特色社会主义共同理想与共产主义远大理想有着内在的联系,它们之间是(   )。",个人理想和社会理想的关系,职业理想和道德理想的关系,阶段性理想和最终理想的关系,有实现可能性的理想和根本不可能实现的空想的关系,： C
14、习近平总书记多次指出，小康不小康，关键看（）。,老乡,农民,居民,工人,： A
15、“文革”结束后，党的(   )重新确立解放思想、实事求是的思想路线。,十一届三中全会,十二大,十三大,十四大,： A
16、江泽民对全面建设小康社会、实现第三步战略目标进行了前瞻性的战略思考。他在党的(   )报告中初步勾画了实现第三步战略目标的蓝图:,十三大,十四大,十五大,十六大,： C
17、在中国近代史上，有一次战争在中国境内进行，而中国却宣称中立。这是 ( ) 战争,甲午,八国联军入侵,鸦片,日俄,： D
18、在新民主主义的经济纲领中，极具特色的一项内容是(   )。,没收封建地主阶级的土地归农民所有,土地革命路线,没收官僚资本归新民主主义国家所有,保护民族工商业,： D
19、中国特色社会主义制度的最大优势是（）。,人民代表大会制度,中国共产党领导的多党合作和政治协商制度,民族区域自治制度,中国共产党领导,： D
20                ，我国第一条跨海铁路粤海铁路正式开通。, 2003年1月7日, 1999年4月15日, 1999年6月15日, 1999年9月15日,:A
21. 1925年6月11日，上海举行群众大会，到会20多万人，全国各地约有1700万人直接参加了运动。这场反对帝国主义的民族运动浪潮，史称( ),.香港海员罢工,.京汉铁路工人罢工,.五卅运动,.北伐战争,:C
22. 1927年中共五大时，全国党员人数已超过( ) 。,.1万人,.3万人,.5万人,.10万人,: C
23.1929年，( ) 决议的中心思想是要用无产阶级思想进行军队和党的建设。,.遵义会议,.古田会议,.八七会议,.龙岩会议,:B
24.( ) 毛泽东总结经验，作了《论持久战》的长篇讲演。,.1931年,.1935年,.1938年,.1945年,: C
25.1945年( ) ，日本代表在投降书.上签字。侵华日军128万人随即向中国投降。,.9月2日,.9月3日,.8月15日,.8月16日,:A
26.全国人民代表大会即最高国家权力机关，是由1954年9月召开的第一届全国人民代表大会第一次会议通过的( ) 正式确立的。,《中国人民政治协商会议共同纲领》,.《中华人民共和国宪法》,.《中华人民共和国中央人民政府组织法》,.《中国人民政治协商会议章程》,: B
27.( ) 我国成功发射第一颗人造地球卫星“东方红一号”。,. 1960年4月,.1965年4月,.1970年4月,.1975年4月,：C
28.1995年5月6日，党中央、国务院进一步作出《关于加速科学技术进步的决定》，正式提出()。,.可持续发展战略,.人才强国战略,.推进城镇化战略,.科教兴国战略,: D
29. 1934年( ) 中旬，中共中央、中革军委率中央红军主力8.6万余人，开始了长征。,.4月,.6月,.8月,.10月,: D
"30、""政权是由枪杆子中取得的""的论断，主要是吸取了 ( )",秋收起义失败的教训,"红军第五次反""国剿""失败的教训",南昌起义失败的教训,国民大革命失败的教训,： D
31、新中国第一部宪法是(   )。, 1949年共同纲领, 1954年宪法, 1975年宪法, 1978年宪法,： B
32、改革开放以来党的全部理论和实践的主题是（）。,实现民族伟大复兴,为人民谋幸福,中国特色社会主义,为人类谋和平 ,： C
33、新中国建立后针对资本主义工商业的政策是 ( ),联营、合作、监督,利用、限制、改造,保护、巩固、发展,管制、征用、没收,： B
34、标志和谈之门被国民党全部关闭、国共关系彻底破裂的是  ( ),下关惨案,较场口惨案,国民党大举进攻中原解放区,国民党逐出中共驻南京、上海、重庆三地代表及工作人员,： D
35、做出中国社会主要矛盾已发生变化的判断是在（）。,十六大,十七大,十八大,十九大,： D
"36、中国共产党在过渡时期总路线的主要内容是""一化三改造""，其中""一化""是指 ( )",社会主义农业机械化,社会主义工业化,社会主义农业合作化,社会主义工业电气化,： B
37、在中华民族的爱国主义发展史上， （）是对国家主权、领土完整及民族感情的认同，也是中华儿女爱国情怀的重要体现。,维护祖国统一、反对祖国分裂,推动民族融合和民族交流,仁爱同胞、热爱工作,诚信友善、传承文化,： A
38、1933年11月，国民党爱国将领蔡廷锴、蒋光鼐以及李济深等发动了抗日反蒋的(  ),皖南事变,北京事变,福建事变,西安事变,： C
39、毛泽东全面总结农业合作化运动基本经验的报告是  ( ),《关于发展农业生产合作社的决议》,《组织起来》,《关于农业生产互助合作的决议(草案)》,《关于农业合作化问题》,： D
40、(   )关系党和人民事业前途命运，关系党的执政基础和执政地位。,全面建成小康,全面深化改革,全面依法治国,全面从严治党,： B
41、党的十九大报告指出，（）是实现社会主义现代化、创造人民美好生活的必由之路。 ,共产主义道路,资本主义道路,科学社会主义道路 ,中国特色社会主义道路 ,： D
42、一九五三年提出的过渡时期总路线的过渡时期是指(   )。,从中华人民共和国成立，到社会主义建成,从国民经济恢复，到社会主义改造完成,从中华人民共和国成立，到社会主义改造基本完成,从总路线提出起，到建成社会主义,： C
43、1987年4月，邓小平在会见西班牙客人时提出了基本实现现代化的“三步走”的战略构思。之后，党的（）将此写进党代会的报告确立下来。,十二大,十三大,十四大,十五大,： B
44、2013年9月和10月，习近平在出访中亚和东南亚国家期间，提出（）的重大倡议。,“共商共建共享”全球治理理念,“建立新型大国关系”,“一带一路”,“构建人类命运共同体”,： C
45、改革是社会主义社会发展的(   )。,直接动力,强大动力,力量源泉,内生动力,： A
46、精准扶贫基本方略其内涵落脚点是（）。,精准理念,内源扶贫,科学扶贫,智志双扶,： A
47、全国人民代表大会是由(   )。,各省、市、县的人民代表大会选出的代表组成,各省、市、县的人民代表大会和军队选出的代表组成,各省、自治区、直辖市的人民代表大会选出的代表组成,各省、自治区、直辖市的人民代表大会和军队选出的代表组成,： D
48、毛泽东认为游击战争在抗日战争中具有 ( ) 地位.,战术,次要,重要,战略,： D
49、建设中国特色社会主义首要的基本理论问题是(   )。,什么是实事求是，怎样坚持实事求是,什么是改革开放，怎样实施改革开放,什么是解放思想，怎样坚持解放思想,什么是社会主义，怎样建设社会主义,： D
50、毛泽东建军思想的核心是(   )。,坚持党对军队的绝对领导,建设全心全意为人民服务的人民军队,坚持正确的战略战术原则,加强对军队的思想政治工作,： A
51、按照“三个代表”要求全面加强党的建设，根本目的就在于保证我们党能够始终保持(   )。,先进性,同人民群众的血肉联系,代表性,正确性,： B
52、习近平总书记指出，农村贫困人口如期脱贫，贫困县全部摘帽、解决区域性整体贫困，是全面建成小康社会的（），是我们作出的庄严承诺。,重要关口,底线任务,核心目标,任务底线,： B
53、因阶级消灭、国家消亡和三大差别消除，就有了(   )。,生产关系实现高度和谐,政治关系实现高度和谐,国家关系实现高度和谐,社会关系实现高度和谐,： D
"54、中国共产党的""八七会议""和""遵义会议""的相同点有 ( ) 政治上、组织上、思想上全力纠正党内错误 ② 毛泽东参加会议提出正确主张 ③ 危急关头挽救了党 ④ 独立自主的妥善解决党内的重大问题",①②③,②③④,②③,①②③④,： C
55、无产阶级政党的组织原则是(   )。,理论联系实际,实事求是,民主集中制,集体领导,： C
56、(   )是最根本的党规党法，各级党组织和每个党员都要按党章办事。,宪法,各种法律,党章,人民代表大会制度,： C
57、实现社会主义的必要政治前提是(   )。,无产阶级政党的领导,建立广泛的革命统一战线,无产阶级的革命斗争,建立无产阶级专政,： D
58、(  )是近代以来中华民族最伟大的梦想。,富国强兵,民族独立,实现中华民族伟大复兴,全面建成小康社会,： C
"59、推进全面依法治国,必须从四个方面统筹推进,没有涉及的是(     )",立法,懂法,司法,执法,： B
"60、依照我国现行宪法的规定, ( )享有选举权和被选举权。",全体公民,全体人民,18周岁以上的公民,18周岁以上有政治权利的公民,： D
61、习近平总书记强调，我们党全面领导、长期执政，面临的最大挑战是（）。,对自身的约束,思想建设,对权力的监督,政治建设,： C
"62、依据宪法规定,中央军委主席、副主席每届任期5年,向(   )负责。",全国人大,全国人大常委会,国家主席,全国人大和全国人大常委会,： D
63、科学发展观的核心立场是(   )。,为人民服务,以人为本,科学发展,以人民为中心,： B
64、“因为中国资产阶级根本上与剥削农民的豪绅地主相混合，中国革命要推翻地主阶级，便不能不同时推翻资产阶级”。这一观点的主要错误是(   )。,忽视了反对帝国主义的必要性,未能区 中国资产阶级的两部,混淆了民主革命和社会主义革命的任务,不承认中国资产阶级与地主阶级的区别,： C
65、从全面建成小康社会到基本实现现代化，再到全面建成（），是新时代中国特色社会主义发展的战略安排。,创新型国家,社会主义现代化强国,社会主义现代化大国,世界一流强国,： B
66、社会主义建设时期，党和毛泽东提出了实现四个现代化的宏伟目标，并强调实现四个现代化关键在于(   )。,农业现代化,工业现代化,国防现代化,科学技术现代化,： D
67、建设社会主义政治文明涉及政治思想、政治制度、(   )、法制建设等方面，是一个系统工程。,体制改革,行政管理,社会治理,政治生态,： B
67、人民当家作主是社会主义民主政治的（）。,根本保证,基本体现,本质特征,必然结果,： C
68、贯穿中国历史发展的一条主线是(   )。,团结统一,爱好和平,爱国主义,自强不息,： C
69、全面小康，覆盖的领域要全面，是(   )全面进步的小康。,“四位一体”,“五位一体”,“六位一体”,“七位一体”,： B
"70、邓小平曾告诫我们“谈到人格,但不要忘记还有一个国格”接下来他指出,特别像我们这样第三世界的发展中国家,没有“国格”,不珍惜自己民族的独立,国家是立不起来的。邓小平这里的“国格”指的是(   )。",民族意识,民族情感,民族自尊心,民族责任,： C
71、1986年，我国第一次制定国家扶贫标准，当年为农民人均年纯收入（）。,1067元,865元,785元,206元,： D
72、1997年，党的十五大首次提出：（）为主体、多种所有制经济共同发展，是我国社会主义初级阶段的一项基本经济制度。,公有制,国有经济,私有制,市场经济,： A
73、新民主主义革命过程中形成和发展起来的新民主主义政治、经济、文化，都是由工人阶级领导的，因而都具有 ( ),民主主义因素,新民主主义因素,社会主义因素,资本主义因素,： C
"74、全国人大十届二次会议期间，温家宝总理在答记者问时，引用了清末诗人丘逢甲《春愁》：""春愁难遣强看山，往事惊心泪欲潸。四百万人同一哭，去年今日割台湾。""请问：这首诗写于哪一年？ ( )",1894,1897,1896,1895,： C
"75、在我国法律体系中,居于核心地位、具有最高法律效力的是(   )。",《中华人民共和国刑法》,《中华人民共和国宪法》,《中华人民共和国立法法》,《中华人民共和国民法通则》,： B
76、（）联通了“中国梦”与“亚洲梦”、 “欧洲梦”、“非洲梦”。,中俄联盟,新型外交观,“亲诚惠容”外交新理念   ,“一带一路”,： D
"77、依照我国现行宪法的规定, 制定和修改基本法律的国家机关是(   )。",全国人民代表大会,全国人民代表大会常务委员会,全国人民代表大会法律委员会,最高人民法院,： A
78、中国人民在长期奋斗中培育.继承.发展起来的伟大民族精神为中国发展和(  )提供了强大精神动力,科技进步,制度完善化,人民富裕,人类文明进步,： D
79、(   )是我国现代化建设的战略任务，只有把它搞上去了，经济建设才能有更加坚强的安全保障。,社会建设,科技建设,文化建设,国防建设,： D
"80、正确对待中华民族道德传统,要坚持(   )的立场、观点和方法。",马克思主义,唯物主义,批判与继承,社会主义,： A
81、坚持和发展中国特色社会主义、实现中华民族的伟大复兴，最根本的力量在（）。,工人,青年,人民,大学生,： C
82、履行好政府(   )调节职能，加快推进基本公共服务均等化，缩小收入分配差距。,初次分配,再分配,税收,财政,： B
83、1935年10月，中央红军结束长征并同红十五军团胜利会师于 ( ),陕北吴起镇,西康甘孜地区,甘肃会宁、静宁,四川懋功地区,： A
84、党在新时代的强军目标是力争到(   )年基本实现国防和军队现代化，到本世纪中叶把人民军队全面建成世界一流军队。,2020,2035,2050,2030,： B
85、在新的历史时期，大学生应该继续坚持以振兴中华为己任，努力做到（） 。,增强个性,立报国之志、增建国之才、践爱国之行,掌握书本知识,增强家庭发展观念,： B
86、在当代中国，坚持发展是硬道理的本质要求，就是坚持(   )。,科学发展,协调发展,可持续发展,全面发展,： A
87、社会主义制度在中国确立的主要标志是 ( ),国民经济的恢复,中华人民共和国的成立,全国大陆的统一,社会主义改造的基本完成,： D
88、中国共产党党内斗争的方针是  ( ),批评与自我批评,坦白从宽，抗拒从严,严厉打击犯错误的人,惩前毖后，治病救人,： D
89、在新民主主义的经济纲领中，包含着新民主主义革命和社会主义革命双重性质的内容是(   )。,没收封建地主阶级的土地,土地革命路线,没收官僚资本,保护民族工商业,： C
90、遵义会议后，中共中央政治局成立的三人军事指挥小组成员是(  ),毛泽东、周恩来、朱德,毛泽东、周恩来、张闻天,毛泽东、周恩来、王稼祥,毛泽东、周恩来、邓小平,： C
91、习近平指出，中华民族近代以来最伟大的梦想是(   )。,实现共同富裕,推翻三座大山,建成小康社会,实现中华民族伟大复兴,： D
92、新民主主义国家的政体是(   )。,政治协商会议制度,共产党领导的多党合作制度,人民代表大会制度,参议会制度,： C
93、保障就业和民生，必须稳住（）市场主体，尽力帮助企业特别是中小微企业、个体工商户渡过难关。,上亿,上万,上千,千万,： A
94、非公有制经济是(   )。,我国社会主义经济结构的重要组成部分,我国社会主义市场经济的重要组成部分,我国经济结构的重要成分,我国社会主义市场经济的主要组成部分,： B
95、发展开放型经济，必须大力发展(   )。,服务贸易,自由贸易,进口贸易,出口贸易,： A
96、民族精神的核心是,集体主义,爱国主义,爱好和平,勤劳勇敢,： B
"97、下列公民基本权利中,属于监督权利的是(   )。",通信自由,受教育权利,批评建议权,宗教信仰自由,： C
98、民法调整 (   )公民之间、法人之间及公民和法人之间的财产关系、人身关系,平等主体的,一切,处于管理和被管理关系中的,平等主体之间的和不平等主体之间的,： A
"99、毛泽东认为， ( ) 是一个""开天辟地的大事变""",五四运动,十月革命,中国共产党的成立,第一次国共合作,： C
100、民法调整 (   )公民之间、法人之间及公民和法人之间的财产关系、人身关系,平等主体的,一切,处于管理和被管理关系中的,平等主体之间的和不平等主体之间的,： A
101、社会主义基本经济制度需要随着（）发展不断完善。,社会文化,精神文明,物质社会,社会实践,： D
102、人民是中国梦的(   )，是中国梦的创造者和享有者。,主体,客体,组织者,参与者,： A
103、截止到2020年2月15号，已经有100人为抗击疫情献出了生命，其中（）是共产党员。,50%,60%,70%,80%,： C
104、全面建成小康社会，“小康”讲的是(   )。,经济发展,收入增加,文化素质提高,发展水平,： D
105、在“一带一路”建设中，要加强旅游合作，提高沿线各国游客（）便利化水平。,出入境,签证,居住,通关,： B
106、抗日战争爆发后中共建立的第一个敌后抗日根据地是 ( ),晋察冀根据地,晋绥根据地,冀鲁豫根据地,苏南根据地,： A
"107、在新的历史条件下形成和发展的,体现民族特质、顺应时代潮流的思想观念、行为方式、价值取向、精神风貌和社会风尚的总和,指的是(   )。",人文精神,科学精神,民主精神,时代精神,： D
108、2020年政府工作报告指出，做好今年政府工作，要坚决贯彻党的基本理论、基本路线、基本方略，增强“四个意识”、坚定（）、做到“两个维护”，紧扣（）目标任务，统筹推进疫情防控和经济社会发展工作。,“四个自信”；全面建成小康社会 ,“四个自信”；全面打赢脱贫攻坚战 ,反“四风”；全面建成小康社会 ,反“四风”；全面打赢脱贫攻坚战,： A
109、旗帜鲜明（）是我们党作为马克思主义政党的根本要求。,讲正气,讲政治,讲纪律,讲规矩,： B
110、1927年7月15日， ( ) 在武汉召开分共会议，标志着第一次国共合作的全面破裂,胡汉民,蒋介石,吴稚晖,汪精卫,： D
111、新中国成立初期开展的镇压反革命运动的政策是(  ),知无不言，言者无罪,镇压与宽大相结合,惩前毖后，治病救人,坦白从宽，抗拒从严,： B
112、习近平总书记指出，对一些地方的贫困群众，如大小梁山独龙族，要坚持（），说起来容易，但有一个过程，一定要保持耐心。,扶贫先扶学,扶贫先扶业,扶贫先扶智,扶贫先扶志,： D
113、坚持和完善反腐败领导体制和工作机制，认真落实(   )，形成防止和惩治腐败的合力。,党风廉政建设责任制,三讲教育,腐败教育,各项监督,： A
114、中国共产党在领导人民革命的过程中，积累了丰富的经验，武装斗争就是战胜敌人的重要法宝之一，其实质是(   )。,无产阶级的反帝国主义战争,资产阶级领导的反封建战争,工农联合的反军阀战争,工人阶级领导的农民战争,： D
115、（）是中国共产党领导的多党合作和政治协商的重要机构，也是中国人民爱国统一战线组织。,国务院,全国人民代表大会,全国人民代表大会常委会,中国人民政治协商会议,： D
116、“两个一百年”奋斗目标是指,"第一个一百年,是到中国共产党成立100年时全面建成小康社会;第二个一百年,是到建军一百年成为世界第一强大国家。","第一个一百年,是到新中国成立100年时建成富强、民主、文明、和谐的社会主义现代化国家;第二个一百年,是改革开放一百年成为世界强国。","第一个一百年,是改革开放一百年成为世界强国;第二个一百年,是到建军一百年成为世界第一强大国家。","第一个一百年,是到中国共产党成立100年时全面建成小康社会;第二个一百年,是到新中国成立100年时建成富强、民主、文明、和谐的社会主义现代化国家。",： D
117、贯彻“三个代表”要求，关键在坚持与时俱进，核心在保持党的先进性，本质在坚持(   )。,科学发展观,以人为本,执政为民,立党为公,： C
118、宪法规定，国家建立健全同经济发展水平（）的社会保障制度。,相协调,相促进,相适应,同发展,： C
119、从现实依据看，坚持中国共产党的领导、坚定不移走（），是实现中国人民对美好生活向往和中华民族伟大复兴的中国梦的根本保证。,中国特色社会主义道路,共产主义道路,资本主义道路,苏联模式道路,： A
120、中国具有强大的社会动员能力在政治制度层面最重要的原因是（）。,中国共产党的坚强领导,坚持依法治国,坚持人民当家做主,坚持全国一盘棋,： A
121、使市场在资源配置中发挥决定性作用，主要涉及（），但必然会影响到政治、文化、社会、生态文明和党的建设等各个领域。,社会主义建设,城镇化水平,经济体制改革,贫富差距,： C
"122、《反国家分裂法》的制定和实施,把我们关于解决台湾问题的大政方针(   )。",政治化,法律化,制度化,科学化,： B
123、如何增强国家安全意识,人治,道德,法规,文明,： B
"124、(  )根植于中华大地,深深地印在中国人的民族意识中,是中华民族的立身之本。",团结统一,爱好和平,自强不息,勤劳勇敢,： A
"125、根据我国宪法的规定,狭义的人身自由主要指(   )。",公民的身体不受非法侵犯,公民的自由不受非法侵犯,公民的身体不受侵犯,公民的自由不受侵犯,： A
126、（）是做好疫情防控工作的政治保证。,党的集中统一领导,群防群控,广大党员干部众志成城,广大百姓的万众一心,： A
127、党的十八大提出建设中国特色社会主义的总体布局是(   ),“两手抓”,“三位一体”,“四位一体”,“五位一体”,： D
128、党的十九大对全面推进国防和军队现代化作出新的战略安排:到(   )年，基本实现国防和军队现代化。,2020,2035,2050,本世纪中叶,： B
129、始终代表中国最广大人民的根本利益，强调以人民群众的利益、要求和实践为最高价值标准和评价标准，体现了我们党的(   )和我们国家的(   )。,宗旨、性质,目标、追求,价值观、宗旨,水平、体制,： A
130、1954 年 9 月，《中华人民共和国宪法》第一条规定：“中华人民共和国是工人阶级领导的、以工农联盟为基础的（）。”,社会主义国家,资本主义国家,人民民主国家,新民主主义国家,： C
131、中共一大召开的时间是 ( ),1920-7-1,1922-7-1,1921-7-23,1921-7-1,： C
"132、中国革命在20世纪20年代出现了以(  )为代表的""左""倾盲动错误，给革命事业带来了较大的损失。",瞿秋白,张国焘,王明,李立三,： A
133、党对军队绝对领导的根本原则和制度，发端于(   )，是人民军队完全区别于一切旧军队的政治特质和根本优势。,三湾改编,南昌起义,古田会议,遵义会议,： B
134、1947年12月，毛泽东提出新民主主义革命三大经济纲领的报告是 ( ),《论联合政府》,《以自卫战争粉碎国民党的进攻》,《关于目前国际形势的几点估计》,《目前形势和我们的任务》,： D
135、成为第一次国共合作的政治基础和革命统一战线的共同纲领是 ( ),《孙文越飞宣言》,旧三民主义,中国共产党的最低纲领,新三民主义,： D
136、（）是“两个一百年”奋斗目标的第一个百年奋斗目标，是实现中华民族伟大复兴中国梦的关键一步。,坚决打赢脱贫攻坚战,全面建成小康社会,完成三大攻坚战任务,实现共同富裕,： B
137、政府工作报告在回顾2019年和今年以来工作时指出，加强党风廉政建设，扎实开展（）主题教育，严格落实中央八项规定精神，持续纠治“四风”，为基层松绑减负。,“两学一做”     ,“不忘初心、牢记使命”,“三严三实” ,“红色基因,： B
"138、1947年被国民党宣布为""非法团体""而取缔的民主党派是  ( )",中国民主促进会,中国民主建国会,民盟,九三学社,： C
139、第一次国共合作的党内合作方式的提出者是 ( ),马林,孙中山,陈独秀,维津斯基,： A
140、党的（）提出，在中国共产党成立一百年时全面建成小康社会，在新中国成立一百年时建成富强民主文明和谐的社会主义现代化强国。,十七大,十八大,十九大,十五大,： B
"141、中国共产党历史上有""南陈北李，相约建党""的说法，其中""陈""、""李""分别指 ( )",陈独秀 李达,陈独秀 李大钊,陈潭秋 李大钊,陈潭秋 李达,： B
142、建国初期，中国共产党对私营工商业的生产关系、劳资关系和产销关系进行全面调整的原则是 ( ),"""统购统销""","""公私兼顾、劳资两利""","""消灭资本主义""","""经销代销""",： B
143、检验经济体制和政治体制改革搞得好不好的标准归根到底在于(   )。,资产阶级自由化，思潮是否没有市场,政治局面是否稳定,人民内部矛盾是否得到解决.,是否有利于迅速发展社会生产,： D
144、习近平强军思想深刻回答了(   )的时代课题。,新时代建设一支什么样的强大人民军队、怎样建设强大人民军队,军队建设与发展,党指挥枪,军队中的改革,： A
145、改革开放之初，首先用“小康”来诠释中国式现代化的是（）。,毛泽东,邓小平,周恩来,刘少奇,： B
146、2020年，我国将实现全面建成小康社会的目标。这一目标的出发点和落脚点是（）。,提高人民的生活水平和质量,解放和发展生产力,提高国家整体经济实力,显示社会主义制度的优越性,： A
147、（）是爱国主义精神最坚定的弘扬者和实践者，始终把实现中华民族伟大复兴作为自己的历史使命，领导全国各族人民奋力推进中国特色社会主义伟大事业。,中国青年,中国共产党,工人阶级,广大农民,： B
148、(   )会议确立了毛泽东在全党的实际领导地位。,八七会议,中共七大,遵义会议,党的六届六中全会,： C
149、中共七届二中全会需要解决的重要问题是( ),如何解决民主革命遗留的任务的问题,如何夺取全国革命胜利,民主革命向社会主义革命转变的问题,党的工作重心转移问题,： D
150、1951年8月中央人民政府公布实施 ( ) ，对自治区的建立、自治机关、自治权利、区内民族关系等作了系统规定。,《中华人民共和国民族区域自治实施纲要》,《和平解放西藏办法的协议》,《中华人民共和国民族区域自治法》,《中华人民共和国民族政策纲领》,： A
151、党的十九大提出：从2020年到2035年，在全面建成小康社会的基础上，再奋斗15年，（）。,实现社会主义现代化,建成社会主义现代化强国,实现中华民族伟大复兴,基本实现社会主义现代化,： D
152、习近平新时代中国特色社会主义思想的核心要义是(   )。,坚持四项基本原则,以经济建设为中心,坚持和发展中国特色社会主义,坚持改革开放,： C
153、1925年召开的中国共产党第四次全国代表大会的中心议题是 ( ),建立统一战线的问题,如何领导即将到来的革命高潮,共产党员、共青团员以个人身份加入中国国民党,强调同资产阶级争夺领导权,： B
154、党的干部是党和国家事业的中坚力量，党坚持党管干部原则，坚持正确选人用人导向，突出(   )，提拔重用忠诚干净担当的干部。,经济导向,文化素质,道德水平,政治标准,： D
155、党的十九届四中全会指出，党和人民在长期实践探索中形成的科学制度体系是指（）。,中国特色社会主义制度,人民代表大会制度,多党合作和政治协商制度,民族区域自治制度,： A
156、“两个一百年”奋斗目标是指,"第一个一百年,是到中国共产党成立100年时全面建成小康社会;第二个一百年,是到建军一百年成为世界第一强大国家。","第一个一百年,是到新中国成立100年时建成富强、民主、文明、和谐的社会主义现代化国家;第二个一百年,是改革开放一百年成为世界强国。","第一个一百年,是改革开放一百年成为世界强国;第二个一百年,是到建军一百年成为世界第一强大国家。","第一个一百年,是到中国共产党成立100年时全面建成小康社会;第二个一百年,是到新中国成立100年时建成富强、民主、文明、和谐的社会主义现代化国家。",： D
157、《资政新篇》较之《天朝田亩制度》更具有历史的进步性，主要是指它： ( ),明确提出要以法治国，由公众选举官吏,更加鲜明地提出不许外邦人干涉中国内政,促使中国近代第一次思想解放潮流的发生,主张学习西方，最早提出在中国发展资本主义的方案,： D
"158、下列有关张学良""东北易帜""的叙述， 不正确的是 ( )",是在国仇家恨的背景下进行的,使国民政府形式上统一了中国,结束了北洋军阀在全国的统治,使东北由独立到重新回归祖国,： D
159、李鸿章是中国近代史上的一个重要人物，他镇压了太平军和捻军起义，签订了《中法新约》《中日马关条约》和《辛丑条约》等一系列不平等条约，在许多方面负有不可推卸的责任但李鸿章仍有值得肯定之处，其中最为典型的是  ( ),是洋务运动的主要实践者,与顽固派进行辩论,"掀起""向西方学习""的新思潮",率兵收复新疆,： A
160、中国共产党正式决定与国民党实行合作的方针和办法是在 ( ),党的一大上,党的二大上,党的三大上,党的四大上,： C
161、中国工人阶级第一次直接同帝国主义势力进行的有组织较量是( ),安源路矿工人大罢工,省港大罢工,京汉铁路工人大罢工,香港海员罢工,： D
162、党的十三大报告提出党在社会主义初级阶段的(   )。,基本路线,基本纲领,基本方针,基本政策,： A
163、坚持党的领导，首先是坚持(  )的集中统一领导。,党委,党组织,党中央,全国人民代表大会,： C
164、维新派创办的影响最大的报纸是 ( ),时务报,新民丛报,国闻报,湘报,：A
165、对资本主义工商业实行社会主义改造，使资本主义所有制过渡到社会主义公有制具有决定意义的重大步骤是(   )。,委托加工,计划订货,统购包销,全行业公私合营,： D
166、中国共产党的第八次全国代表大会是在(   )年召开的。,一九四五,一九四九,一九五六,一九六六,： C
167、社会主义的根本任务是(   )。,改革生产资料所有制,解放生产力，发展生产力,进行阶级斗争,进行政治体制改革、经济体制改革,： B
168、《共产党宣言》问世于(   )。,1842年,1748年,1848年,1742年,： C
169、中国特色社会主义事业的总体布局是（）。,顶层设计、科学统筹,“一带一路”,四个全面,五位一体,： D
"170、当代中国,建设中国特色社会主义是我们共同的理想信念,它的基本内容是在中国共产党领导下,走中国特色社会主义道路,实现(   )。",大同世界,小康社会,和谐社会,中华民族伟大复兴,： D
171、中国共产党 ( ) 将毛泽东思想规定为中国共产党的一切工作的指针。,七届二中全会,第七次全国代表大会,六届六中全会,六届七中全会,： B
172、1925年，以( )为起点，掀起了全国范围的大革命高潮,五卅运动,省港大罢工,香港海员大罢工,京汉铁路工人大罢工,： A
173、马克思主义理论最根本的本质属性是(   )。,科学性,革命性,实践性,与时俱进,： A
174、《共产党宣言》问世于(   )。,1842年,1748年,1848年,1742年,： C
175、中国近代史上正式废除科举制度的改革是 ( ),戊戌变法,清末新政,民国新政,新文化运动,： B
176、1935年1月，中国共产党在遵义会议上解决的主要问题是 ( ),思想和作风问题,军事和组织问题,筹款和征兵问题,政治和军事问题,： B
177、国家垄断资本主义的宏观管理和调节体现的是(   )。,全体劳动人民的经济利益,个别金融寡头的经济利益,垄断资产阶级的整体利益,国有企业的经济利益,： C
178、毛泽东把党对军队的绝对领导权确立下来是通过 ( ),"""八七""全议",井冈山会师,文家市会议,三湾改编,：D
179、到2020年全面建成小康社会的奋斗目标是在（）提出的。,党的十八大,党的十九大,党的十七大,党的十六大,： A
180、邓小平理论形成的时代背景是(   )成为时代主题。,和平,发展,和平与发展,经济建设,： C
181、中国共产党指出，战胜蒋介石的政治基础是 ( ),中共力量不断壮大,蒋介石多行不义必自毙,人民解放战争所具有的爱国的正义的革命的性质，必然要获得全国人民的拥护,美国看着中共壮大，不会总站在国民党这边,： C
182、1979年12月，邓小平会见日本首相（）时首次提出了“小康”的概念。,田中角荣,麻生太郎,大平正芳,野田佳彦,： C
183、面对单边主义和强权政治抬头，中国必须继续奉行（）的和平外交政策，始终不渝走和平发展道路，在和平共处五项原则基础上发展同各国友好合作关系。,独立自主,互利共赢,以利相交,公平竞争,： A
184、党的十八大以来我们党明确提出的总体国家安全观，坚持国家利益至上，以(   )安全为宗旨。,经济,政治,军事,人民,： D
185、2010年，中国已经形成了以(   )为核心的中国特色社会主义法律体系，为改革开放和社会主义现代化建设提供了有力的法治保障。,民主,法律,法制,宪法,： D
186、中国近代史上第一个睁眼看世界的人是 ( ),林则徐,邓廷桢,魏源,严复,： A
187、北洋军阀政府代表的是 ( ),小资产阶级知识分子利益,民族资产阶级利益,大地主和买办资产阶级利益,工农利益,： C
188、资本主义生产的实质是(   )。,社会化大生产,国际化大生产,剩余价值生产,现代商品生产,： C
189、近代以来中华民族最伟大的梦想是（）。,全面建成小康社会,实现中华民族伟大复兴,基本实现现代化,建成现代化强国,： B
190、毛泽东思想紧紧围绕的主题是(   )。,中国革命,社会主义建设,中国革命和建设,中国建设和改革,： C
"191、1951年至1952年""五反""运动开展的领域是 ( )",国营企业,私营工商业,党政机关    三反,合作社,： B
192、外国人可以在中国横行不法，中国政府却无权干预，是因为资本主义列强在中国享有  ( ),协定关税权,驻兵权,领事裁判权,开矿设厂权,： C
193、革命的根本问题是  ( ),分清敌友问题,革命动力的问题,政权问题,领导权的问题,：C
"194、1928年召开的中共""六大""认为，民族资产阶级是最危险的敌人之一，国民党的各个派别都是一样的反革命。这一观点表明 ( )","大会仍未肃清""左""倾思想",中共认清了革命的对象与动力,大会纠正了右倾主义路线,"中共着力纠正""左""倾思想",： A
195、全面建设社会主义现代化国家的进程分两个阶段来安排。第一个阶段，从(   )，在全面建成小康社会的基础上，再奋斗15年，基本实现社会主义现代化。,2000年到2020年,2018年到2035年,2035年到2050年,2020年到2035年,： D
196、为了控制人民，禁止革命活动，自 ( ) 起，国民党普遍推行保甲制度。,1942年,1934年,1937年,1946年,： B
197、下列观点中，不属于新文化运动倡导者的观点的是 ( ),孔学并不等于全部国学,"""孔学优点，仆未尝不服膺""","封建礼教是""吃人的礼教""，其流毒""不减于洪水猛兽""",中国的全部传统文化应该否定,： D
198、十三届全国人大三次会议2020年5月28日下午举行闭幕会，表决通过了《中华人民共和国民法典》，这部法律将自（）起施行。,2020年6月1日 ,2020年10月1日, 2020年12月30日 ,2021年1月1日,： D
"199、建设社会主义法治国家明确了全面依法治国的性质和方向,也突出了全面( )的工作重点。",依法治国,以法治国,深化治国,小康建设,： A
200、社会主义实现由空想到科学发展的标志是(   )。,《共产党宣言》的发表,“共产主义者同盟”的建立,空想社会主义理想的破灭,无产阶级革命的胜利,： A
"201、错误指责邓子恢在主持中央农村工作中犯了""右倾机会主义错误""的文件是 ( )",《关于发展农业合作社的决议》,《关于农业生产互助合作的决议(草案)》,《关于农村合作化问题》,《中国土地法大纲》,： C
202、1894年孙中山在檀香山组织的反清革命组织是 ( ),兴中会,同盟会,光复会,华兴会,： A
203、在“三个代表”重要思想的指导下，我们党和国家推进社会主义(   )改革，进一步消除了束缚生产力发展的体制性障碍。,计划经济,市场经济,机制体制,政治体制,： B
204、中国工人阶级政党的最早组织是在 ( ) 建立的,上海,北京,天津,广州,： A
205、中国共产党很早就重视国家的工业化问题，早在(   )时期，毛泽东就指出，中国的民族独立有巩固的保障，就必须工业化。,大革命,土地革命,抗日战争,解放战争,： C
206、中国共产党明确提出彻底的反帝反封建的纲领是在 ( ),党的四大上,党的一大上,党的三大上,党的二大上,： D
207、党的(   )正式把建立社会主义市场经济体制确立为我国经济体制改革的目标。,十三大,十四大,十五大,十六大,： B
208、1938年10月，新加坡成立了以 ( ) 为主席的华侨筹赈祖国难民总会。,司徒美堂,陈嘉庚,徐四民,林白,： B
209、近代中国社会最主要的矛盾是(   )。,农民阶级和地主阶级的矛盾,帝国主义和中华民族的矛盾,人民大众和封建主义的矛盾,无产阶级和资产阶级的矛盾,： B
210、毛泽东晚年的错误是由于违反了他自己主张的(   )原则。,理论联系实际,实事求是,艰苦奋斗,独立自主,： B
211、洋务运动未能使中国走上富强的根本原因是： ( ),单纯学习西方科技以求自强,西方列强极力阻碍破坏,没有采用资本主义生产管理制度,没有触动封建生产关系,： D
212、近代中国人数最多的被剥削阶级是  ( ),无产阶级,资产阶级,农民阶级,工人阶级,： C
213、到2020年全面建成小康社会的奋斗目标是（）提出的。,党的十八大,党的十九大,党的十七大,党的十六大,： A
214、《共产党宣言》第一个中文全译本的翻译者是 ( ),李达,李大钊,陈独秀,陈望道,： D
215、 “四个全面”是指（）、全面深化改革、全面依法治国、全面从严治党。,全面建成小康社会,全面对外开放,全面实现现代化,全面共同富裕,： A
216、侵略者第二次洗劫和焚烧圆明园的战争是 ( ),甲午战争,第二次鸦片战争,鸦片战争,八国联军侵华战争,： D
217、中国共产党作为马克思主义的忠诚遵循者和践行者，始终牢记（）的自身使命，致力于积极调动各种因素办最大的事。,无产阶级,工人阶级,农民阶级,中产阶级,： A
218、作为中国共产党和社会主义事业指导思想的马克思主义是指(   )。,不仅指马克思恩格斯创立的基本理论、基本观点和学说的体系，也包括继承者对它的发展。,无产阶级争取自身解放和整个人类解放的学说体系,关于无产阶级斗争的性质、目的和解放条件的学说,列宁创立的基本理论、基本观点和基本方法构成的科学体系,： A
"219、树立中国特色社会主义共同理想的信念,必须坚定对中国共产党的信任、坚定走中国特色社会主义道路的信念、(   )。",坚定“缩小贫富差距”的信念,坚定实现中华民族伟大复兴的信心,坚定战胜国际金融危机的信念,坚定中国改革成功的信念,： B
220、全面小康覆盖的（）要全面，是“五位一体”全面进步的小康。,领域,区域,人口,民族,： A
221、我国对资本主义工商业的社会主义改造基本完成的标志是(   )。,加工订货的实行,单个企业公私合营的实现,统购包销的实行,全行业公私合营的实现,： D
222、(  )是依法治国的核心,诚信友善,民主法治,公平正义,安定有序,： B
223、毛泽东创造了全党通过(   )进行马克思列宁主义思想教育的整风形式。,批判与斗争,批评与激励,反思与辩论,批评与自我批评,： D
224、（）是指对识别出来的贫困户和贫困村，深入分析致贫原因，落实帮扶责任，逐村逐户制定帮扶计划，集中力量予以扶持。,精准识别,精准帮扶,精准管理,精准考核,： B
"225、展现了全面依法治国的基本格局,没有涉及到的是(     )",科学立法,严格执法,民主依法,公正司法,： C
"226、在我国国家机关体系中,(   )产生其他国家机关,其他国家机关对它负责,受它监督。",国家行政机关,中共中央,国家权力机关,最高军事领导机关,： C
227、习近平总书记多次指出，小康不小康，关键看（）。,老乡,农民,居民,工人,： A
228、掌握意识形态工作领导权，要加快构建中国特色(   )。,哲学社会科学,哲学自然科学,政治经济学,科学社会主义,： A
229、以下选项中不属于职业道德规范的是,爱岗敬业,服务群众,办事公道,尊老爱幼,： D
230、根据《关于正确处理人民内部矛盾的问题》的分析，对于科学文化领域里的人民内部矛盾，解决的具体方针是(   )。,“百花齐放、百果飘香”,“百花齐放、百家争鸣”,“百果飘香、百家争鸣”,“百家争鸣、百舸争流”,： B
231、“房子是应该经常打扫的，不打扫就会积满了灰尘，脸是应该经常洗的，不洗也就会灰尘满面。我们同志的思想、我们党的工作，也会沾染灰尘的，也应该打扫和洗涤。”这段话形象地反映了中国共产党在长期革命实践中历形成的(   )。,密切联系群众的优良作风,艰苦奋斗的优良作风,理论联系实际的优良作风,批评与自我批评的优良作风,： D
232、毛泽东思想是在总结(   )的基础上，逐步形成和发展起来的。,中国革命的历史经验,中国建设的历史经验,中国革命和建设正反两方面历史经验,苏联经验,： C
233、1945年10月10日，国共双方签署了  ( ),《政府与中共代表会谈协定》,《政府与中共代表会谈纪要》,《国共重庆谈判协定》,《国共重庆谈判纪要》,： B
234、在1931年的土地革命路线中，中共对富农的政策是 ( ) 。,联合富农,保护富农,限制富农,消灭富农,： C
235、党在新时代的强军目标是建设一支(   )的人民军队。,听党指挥，能打能杀，坚定执着,作风优良，敢打硬仗，不怕吃苦,强大后勤保障,听党指挥、能打胜仗、作风优良,： D
236、在1931年当选为中华苏维埃共和国临时中央政府主席的是 ( ),毛泽东,周恩来,王稼祥,张国焘,： A
237、中国道路是指(   )。,社会主义道路,民族资本主义道路,中国特色社会主义道路,改革开放道路,： C
238、在大革命失败的危急时刻，1927年8月，中共在汉口召开的紧急会议是  ( ),洛川会议,八七会议,古田会议,遵义会议,： B
239、建设现代化经济体系，必须建设资源节约、环境友好的(   )。,产业体系,市场体系,绿色发展体系,城乡区域发展体系,： C
"240、在第五次反""围剿""斗争失败后，率先撤离根据地开始长征的是 ( )",红二方面军,红四方面军,红一方面军,红十五军团,： C
241、全民族抗战开始后，中国军队取得第一次重大胜利的战役是 ( ),台儿庄战役,昆仑关战役,平型关战役 1937年,百团大战 1940年8月-12月,： C
242、军队必须完全地无条件地置于中国共产党的领导之下，军队最高领导权和指挥权属于(   )。,党中央,广大人民,党中央、中央军委,中央军委,： C
243、我国从新民主主义到社会主义的过渡时期，个体经济向社会主义集体经济过渡的形式是(   )。,国营经济,私人资本主义经济,合作社经济,国家资本主义经济,： C
"244、中共中央明确提出""和平、民主、团结""口号的时间是 ( )",1945-8-25,1943-8-25,1944-8-25,1946-8-25,： A
245、党的十九大报告指出，要坚决打赢脱贫攻坚战，确保到（）我国现行标准下农村贫困人口实现脱贫，贫困县全部摘帽，解决区域性整体贫困。,2020年,2025年,2030年,2035年,： A
246、习近平指出，强国必须强军，巩固国防和强大人民军队是新时代坚持和发展中国特色社会主义、实现中华民族伟大复兴的(   )。,重要保障,战略支撑,重要前提,基本条件,： B
247、建设中国特色社会主义法治体系，首先是(   )。,加强法治专门队伍和法律服务队伍建设,要建立严密的法治监督体系,要完善以宪法为核心的中国特色社会主义法律体系,要加强党内法规制度建设,： C
248、实现社会主义现代化和中华民族伟大复兴的中国梦，科学的发展理念和(   )必不可缺。,发展战略,发展战术,发展思维,发展思想,： A
"249、依照我国现行宪法的规定, 城市设立的居民委员会是(   )。",城市基层政权组织,城市基层群众性自治组织,城市政权的派出机关,城市群众性自治组织,： B
250、科学发展中强调的以人为本的“人”是指(   )。,人民群众,农民,工人,知识分子,： A
251、根据邓小平提出的“三步走”发展战略，我国到21世纪中叶的战略目标是(   )。,全面建成小康社会,基本接近发达国家水平，生活比较富裕,基本实现现代化，达到中等发达国家的水平,物质文明与精神文明基本协调发展,： C
252、社会主义核心价值观是(   )的内核凝练和集中表达。,马克思主义理论体系,社会主义理论体系,社会主义思想体系,社会主义核心价值体系,： D
253、全国人民代表大会及其常委会制定的规范性法律文件叫(   )。,宪法,法律,行政法规,自治法规,： B
254、新中国在对资本主义工商业实行社会主义改造的过程中，在利润分配上采取的政策是(   )。,统筹兼顾,劳资两利,公私兼顾,四马分肥,： D
255、起了临时宪法作用并以此为中华人民共和国中央人民政府施政方针的文献是 ( ),《中华人民共和国宪法》,《共同纲领》,《中华人民共和国新宪法》,《宪法大纲》,： B
256、1945年8月25日中国共产党在对时局的宣言中明确提出的口号是 ( ),和平、民主、团结,打到蒋介石，解放全中国,建立民主联合政府,避免内战，和平建国,： A
257、无产阶级反对资产阶级的斗争中，最具决定意义的是(   )。,经济斗争,政治斗争,理论斗争,议会斗争,： B
258、我国把私人资本主义企业改造成为社会主义性质企业所采取的形式是 ( ),国营经济,合资经济,国家资本主义经济,合作社经济,： C
259、只有坚持年度脱贫攻坚报告审查制度，严格考核评估，严肃问责追责，（），才能确保扶贫工作务实，脱贫过程扎实，脱贫结果真实。,防止数字脱贫,防止虚假脱贫,防止数字脱贫、虚假脱贫,防止简单脱贫,： C
260、新中国成立初期，着重发展的是 ( ) 的国家资本主义,加工订货、经销代销,参与入股、共同经营,全行业公私合营,个别企业公私合营,： A
261、无产阶级革命取得胜利的根本保证是(   )。,无产阶级政党的正确领导,建立革命的统一战线,人民群众的革命积极性的极大提高,国家政权问题,： A
262、毛泽东指出(   )是党的生命。,创新和突破,服务和信念,政策和策略,战略和方法,： C
"263、下列会议，结束了王明""左""倾冒险主义在党中央的统治的是 ( )","中共""六大""",晋绥干部会议,瓦窑堡会议,遵义会议,： D
"264、现阶段,我国的统一战线称为(   )。",民族统一战线,社会主义统一战线,爱国统一战线,人民民主专政统一战线,： C
"265、现在20岁左右的大学生,到( ) 年社会主义现代化基本实现时,还不到40岁。",2029,2030,2035,2040,： C
266、(   )为中国送来了马克思列宁主义，帮助中国的先进分子用无产阶级的世界观作为观察国家命运的工具。,共产国际,俄国十月革命的胜利,明治维新,欧洲1848年革命,： B
267、推进党的建设新的伟大工程要求我们：一定要坚持党要管党、从严治党的方针，进一步解决提高党的领导水平和(   )、提高拒腐防变和抵御风险能力这两大历史性课题。,执行能力,执政能力,建设能力,管理能力,： B
268、毛泽东提出著名的十大军事原则是在  ( ),抗日战争时期,井冈山时期,解放战争时期,"反""围剿""的战争中",： C
269、人民当家作主是社会主义民主政治的(   )。,基本保证,根本保证,基本特征,本质特征,： D
"270、中国革命道德传统是指(   )以后,中国共产党人、一切先进分子和人民群众在中国新民主主义革命和社会主义革命、建设和改革中形成的革命气概、精神品质和道德情操。",辛亥革命,五四运动,新中国成立,南昌起义,： B
271、“三个代表”重要思想是中国特色社会主义理论体系的重要组成部分。始终做到“三个代表”，是我们党的立党之本、(   )、力量之源。,发展之基,执政之基,创新之力,建党之旨,： B
272、指挥红军粉碎国民党对中央苏区第四次围剿的是(  ),毛泽东、周恩来,朱德、陈毅,毛泽东、朱德,周恩来、朱德,： D
273、(   )是两岸关系的政治基础。,“和平统一、一国两制”,“武力统一、一国两制”,一个中国,两种制度,： C
274、解决台湾问题、实现祖国完全统一，是新时代中国共产党、中国政府的(   )大历史任务之一。,一,二,三,四,： C
275、(   )全会通过的《关于建立社会主义市场经济体制若干问题的决定》，勾画了建立社会主义市场经济体制的蓝图和基本框架。,十四届三中全会,十四届二中全会,十四届六中全会,十四届五中全会,： A
"276、根据我国现行宪法的规定, 中华人民共和国的根本政治制度是(   )。",人民代表大会制度,人民民主专政制度,民族区域自治制度,社会主义制度,： A
277、2020年全国两会上，国务院总理李克强在政府工作报告中提到，（）是全面建成小康社会的硬任务。,脱贫,就业,风险防控,三大攻坚战,： A
278、中国共产党人的初心和使命，就是（）。,为中国人民谋福利，为中华民族谋复兴,百姓安居乐业，国家繁荣富强,为人民谋福利，实现中国梦,实现全面小康，建设现代化强国,： A
"279、在我国国家机关体系中,( )产生其他国家机关,其他国家机关对它负责,受它监督(   )。",国家行政机关,中共中央,国家权力机关,最高军事领导机关,： C
280、发展社会主义民主政治，必须在坚持(   )的前提下，继续积极稳妥地推进政治体制改革。,邓小平思想,毛泽东理论,四项基本原则,改革开放,： C
281、《中华人民共和国宪法》中的哪项规定充分表明了我国的国家性质?,"中华人民共和国是工人阶级领导的,以工农联盟为基础的人民民主专政的社会主义国家",中华人民共和国的一切权利属于人民.,中华人民共和国各民族一律平等,中华人民共和国的国家机构实行民主集中制的原则,： A
282、习近平同志指出，实现中国梦必须凝聚中国力量。所谓中国力量，就是(   )。,中国共产党领导的力量,中国各族人民大团结的力量,工人阶级团结的力量,全球华人合作的力量,： B
"283、我国国家主席、副主席每届任期5年,由(   )产生。",全国人民代表大会选举,中共中央指定,全国人民代表大会常务委员会选举,全国政协会议选举,： A
284、习近平精准扶贫思想的基本遵循是（）。,精准理念,内源扶贫,科学扶贫,智志双扶,： A
285、十一届三中全会以来，我党制定的一系列正确的路线、方针、政策促进了我国经济的迅猛发展，这说明(   )。,经济基础发展的道路是由上层建筑决定的,上层建筑的发展决定经济基础的发展方向,上层建筑对经济基础具有积极的能动作用,社会主义社会的发展不受经济基础决定上层建筑规律的制约,： C
286、我国建国初期政权的性质是(   )。,无产阶级专政,农民阶级专政,资产阶级专政,各革命阶级联合专政,： D
287、在精准扶贫的主要内容中，精准衡量脱贫成效，解决的是（）的问题。,“扶持谁”,“谁来扶”,“怎么扶”,“如何退”,： D
288、毛泽东的(   )，初步总结了我国社会主义建设的经验，明确提出了以苏为鉴，独立自主地探索适合中国情况的社会主义建设道路。,《湖南农民运动考察报告》,《矛盾论》,《新民主主义论》,《论十大关系》,： D
289、只有推进供给侧结构性改革，提髙(   )体系质量，才能推动经济高质量发展。,生产,供给,消费,需求,： B
290、我国现行宪法是在(   )年颁布的。,1954,1975,1982,1978,： C
291、毛泽东指出，解决人民内部矛盾的总方针是(   )。,民主的方法,“团结—批评—团结”的方法,“百花齐放、百家争鸣”的方法,“长期共存、互相监督”的方法,： A
292、建设中国特色社会主义，关键是坚持、加强和改善(   )。,政府领导,市场作用,党的领导,人大政协作用,： C
293、社会主义核心价值观是(   )的内核凝练和集中表达。,马克思主义理论体系,社会主义理论体系,社会主义思想体系,社会主义核心价值体系,： D
294、2020年政府工作报告指出，创新直达（）的货币政策工具，务必推动企业便利获得贷款，推动利率持续下行。,基层   ,企业  ,实体经济 ,经济实体 ,： C
295、20世纪30年代，中国共产党内最早提出反对教条主义任务的领导人是 ( ),毛泽东,张闻天,周恩来,刘少奇,： A
296、（）是对外开放格局构建的基础，也是最重要的客观方面。,经济基础,地缘条件,社会文化,劳动力素质,： B
297、新民主主义社会在经济上的特点是  ( ),独立性,短暂性,过渡性,长期性,： C
298、社会主义的根本任务是(   )。,阶级斗争,发展,发展生产力	,提高人民生活水平,： C
"299、在科技十分落后的古代,人们梦想过许多东西,如千里眼、顺风耳、飞毯、神枪之类,但像现代生活中普及的电话、电视、电脑等,是那时的人们连想都想不到的。这说明,理想具有(   )。",共同性,时代性,阶级性,思想性,： B
300、以经济建设为中心，回答了社会主义的(   )问题。,根本目标,根本任务,本质特征,基本目标,： B
301、(  )是近代以来中华民族最伟大的梦想。,富国强兵,民族独立,实现中华民族伟大复兴,全面建成小康社会,： C
302、马克思主义经典著作中曾经被称为“时代的歌中之歌”的是(   )。,《共产党宣言》,《资本论》,《反杜林论》,《国家与革命》,： A
303、检验一个人对祖国忠诚程度的试金石是,对人民群众感情的深浅程度,对祖国灿烂文化的热爱程度,对祖国大好河山的依赖程度,对整个民族利益的认同程度,： A
304、中国共产党领导的多党合作和政治协商制度是一项具有中国特色的(   )。,基本制度,政治制度,社会主义制度,基本政治制度,： D
305、精准扶贫基本方略其内涵落脚点是（）。,精准理念,内源扶贫,科学扶贫,智志双扶,： A
306、(   )是中国特色社会主义的本质要求。,创新、协调,绿色,开放,共享,： D
307、坚持精准扶贫、精准脱贫基本方略，坚持专项扶贫、(   )、社会扶贫等“三位一体”大扶贫格局。,自助扶贫,行业扶贫,政府扶贫,慈善扶贫,： B
308、政府工作报告在回顾2019年和今年以来工作时指出，加强党风廉政建设，扎实开展（）主题教育，严格落实中央八项规定精神，持续纠治“四风”，为基层松绑减负。,“两学一做”     ,“不忘初心、牢记使命”,“三严三实” ,“红色基因,： B
309、中国共产党在抗日根据地为团结开明地主抗日而采取的政策有 ( ) ①“三三制”原则 ②减租减息 ③精兵简政 ④大生产运动,①②,③④,①③,②④,： A
310、《新青年》提出的著名口号是 ( ),联俄、联共、扶助农工,物竞天择，适者生存,师夷长技以制夷,民主和科学,： D
311、第一次国共合作的党内合作方式的提出者是 ( ),马林,孙中山,陈独秀,维津斯基,： A
"312、马克思主义科学地揭示了道德的本质,认为道德是(   )。",“天”的意志、“神”的启示,人先天具有某种良知和善良意志,决定社会生产力发展水平的根本力量,一种由社会经济基础决定的特殊的社会意识形态,： D
313、中国特色社会主义制度能够集中力量办大事，这是中国制度（）的充分体现。,优越性,先进性,民主性,科学性,： A
314、党的（）提出，在中国共产党成立一百年时全面建成小康社会，在新中国成立一百年时建成富强民主文明和谐的社会主义现代化强国。,十七大,十八大,十九大,十五大,： B
315、实现农村贫困人口全部脱贫是全面建成小康社会的（）。,根本方向,核心任务,基本标志,重点保障,： C
316、无产阶级专政的实质是(   )。,无产阶级作为统治阶级掌握国家政权,要消灭剥削、消灭阶级，进到无阶级社会,镇压敌对阶级的反抗和破坏活动,领导和组织社会主义建设,： A
"317、中国共产党历史上有""南陈北李，相约建党""的说法，其中""陈""、""李""分别指 ( )",陈独秀 李达,陈独秀 李大钊,陈潭秋 李大钊,陈潭秋 李达,： B
318、新民主主义革命理论的核心问题是(   )。,革命的动力,革命的前途,革命的领导权,革命的任务,： C
319、把握精准扶贫的内涵，要重点理解精准识别、精准帮扶和精准考核。其中，（）是关键。,精准识别,精准帮扶,精准考核,精准施策,： B
320、大力弘扬我党我军光荣传统和优良作风，永葆人民军队,性质、宗旨、本色,战斗能力,本色,高科技水平,： A
321、建国初期，中国共产党对私营工商业的生产关系、劳资关系和产销关系进行全面调整的原则是 ( ),"""统购统销""","""公私兼顾、劳资两利""","""消灭资本主义""","""经销代销""",： B
322、我国社会主义法律的本质特征不包括,体现了党的主张和人民意志的统一,具有科学性和先进性,是中国特色社会主义建设的重要保障,受少数人狭隘利益的影响,： D
323、辽沈、淮海、平津三大战役共歼灭和改编敌军 ( ),807万人,118万多人,150多万人,130余万人,： C
"324、中国精神植根于中华民族传统文化的土壤之中,孕育在改革开放的中华大地,体现着鲜明的时代特色。习近平总书记指出,实现中国梦必须弘扬中国精神。这就是以爱国主义为核心的民族精神,以改革创新为核心的时代精神。这种精神是凝心聚力的兴国之魂、强国之魄。这表明①中国精神的力量,集中体现为中华文化的力量 ②推动文化发展,基础在于继承,关键在于创新 ③当前,文化越来越成为综合国力的决定性因素 ④中华民族精神随着社会实践的发展而不断丰富",①③,①④,②③,②④,： D
325、严明党的纪律，首要的是严明(   )纪律。,思想,组织,政治,生活,： C
326、检验经济体制和政治体制改革搞得好不好的标准归根到底在于(   )。,资产阶级自由化，思潮是否没有市场,政治局面是否稳定,人民内部矛盾是否得到解决.,是否有利于迅速发展社会生产,： D
327、自力更生、艰苦奋斗，这是实现社会主义初级阶段奋斗目标的(   )。,基本前提,基本保证,根本立足点,根本着力点,： C
328、设立（）是以习近平同志为核心的党中央深入推进京津冀协同发展作出的一项重大决策部署，是千年大计、国家大事。,粤港澳大湾区,长三角一体化发展,雄安新区,黄河流域生态保护和高质量发展,： C
329、社会主义各个阶段的划分最终应以(   )。,生产力的发展为标准,生产关系为标准,生产资料的公有制程度为标准,以阶级斗争为标准,： A
"330、下列事件发生的先后顺序是 ( ) ①中华苏维埃共和国成立 ②日本建立伪""满制国"" ③红军第五次反""围剿""失利 ④福建""中华共和国人民革命政府""成立",②①③④,①③④②,②①④③,①②④③,： D
331、马克思主义最重要的理论品质是(   )。,吐故纳新,科学严谨,博大精深,与时俱进,： D
332、习近平强军思想深刻回答了(   )的时代课题。,新时代建设一支什么样的强大人民军队、怎样建设强大人民军队,军队建设与发展,党指挥枪,军队中的改革,： A
333、改革开放之初，首先用“小康”来诠释中国式现代化的是（）。,毛泽东,邓小平,周恩来,刘少奇,： B
334、科学发展观强调，(   )是加快转变经济发展方式的关键。,实施创新驱动发展战略,掌握关键性的核心技术,社会和谐,全面深化经济体制改革,： D
335、北洋军阀某曾向日本大借款，其中西原借款即达八项，此人是 ( ),黎元洪,冯国璋,段祺瑞,袁世凯,： C
336、社会主义建设时期，关于科学和教育，提出实行“两种劳动制度、两种教育制度”设想的党和国家领导人是(   )。,毛泽东,刘少奇,周恩来,朱德,： B
337、1925年毛泽东在《中国社会各阶级的 析》中指出，中国过去一切革命斗争成效甚少的主要原因(   )。,没有找到革命的新道路,没有扩大民主主义宣传,没有到群众中做实际的调查,没有团结真正的朋友以攻击真正的敌人,： D
338、(   )是国家富强、民族振兴的题中之义和必然要求。,人民幸福,人民满意,社会和谐,共同富裕,： A
339、从1937年卢沟桥事变到1938年10月广州、武汉失守，中国抗日战争处于( ),战略防御阶段,战略决战阶段,战略相持阶段,战略反攻阶段,： A
340、新文化运动的第一旗手是 ( ),周恩来,李大钊,陈独秀,毛泽东,： C
341、中国近代史上，企图复辟帝制并且做了83天皇帝的人是 ( ),袁世凯,张勋,溥仪,光绪帝,： A
342、我国国家制度和国家治理体系多方面显著优势之一：坚持党的集中统一领导，坚持党的科学理论，保持政治稳定，确保国家始终沿着（）方向前进的显著优势。,全面小康,伟大复兴,共产主义,社会主义,： D
343、(   )会议确立了毛泽东在全党的实际领导地位。,八七会议,中共七大,遵义会议,党的六届六中全会,： C
"344、作为一个民族群体意识的载体,常常被称为国家和民族的“胎记”,是一个民族得以延续的“精神基因”的是",宗教信仰,文化传统,风俗习惯,法治观念,： B
"345、马克思主义科学地揭示了道德的本质,认为道德是(   )。",“天”的意志、“神”的启示,人先天具有某种良知和善良意志,决定社会生产力发展水平的根本力量,一种由社会经济基础决定的特殊的社会意识形态,： D
"346、作为一种政治原则,当代中国的爱国主义主要表现为(   )。",献身于中国特色社会主义事业上,"献身于树立崇高的理想道德信念,全心全意为人民服务上",献身于建设和保卫社会主义现代化的事业和祖国统一的事业上,献身于祖国最需要的事业上,： C
347、中共七届二中全会需要解决的重要问题是( ),如何解决民主革命遗留的任务的问题,如何夺取全国革命胜利,民主革命向社会主义革命转变的问题,党的工作重心转移问题,： D
348、新发展理念是是习近平新时代中国特色社会主义(   )思想的主要内容。,经济,政治,文化,社会,： A
"349、在阶级社会中,爱国主义具有(   )。",阶级性,统一性,差异性,对立性,： A
350、党的十九大提出：从2020年到2035年，在全面建成小康社会的基础上，再奋斗15年，（）。,实现社会主义现代化,建成社会主义现代化强国,实现中华民族伟大复兴,基本实现社会主义现代化,： D
351、中国特色社会主义进入新时代，我国社会主要矛盾已经转化为人民日益增长的（）需要和（）的发展之间的矛盾。,美好生活；不充分不平衡,幸福生活；不平衡不充分,幸福生活；不充分不平衡,美好生活；不平衡不充分,： D
352、太平天国革命前期的纲领《天朝田亩制度》实际上是一个以 ( ) 为中心的比较完善的社会改革方案,圣库制度,军事斗争,土地问题,资产阶级改良,： C
353、习近平新时代中国特色社会主义思想的核心要义是(   )。,坚持四项基本原则,以经济建设为中心,坚持和发展中国特色社会主义,坚持改革开放,： C
354、中国工人阶级的产生 (  ),几乎同时于中国资产阶级,晚于中国资产阶级,同时于中国资产阶级,先于中国资产阶级,： D
355、科学发展观的基本要求是(   )。,以人为本,统筹兼顾,全面发展,全面协调可持续,： D
"356、在新的历史条件下,致力于中华民族的伟大复兴,必须在爱国主义旗帜下,集中整个民族的智慧和力量来谋求国家的发展和民族的振兴,建立(   )。",一支强大的人民军队,一支高素质的庞大的知识分子队伍,同各国经济文化的广泛交流,最广泛的爱国统一战线,： D
357、中国第一个传播马克思主义并主张向俄国十月革命学习的先进分子是 ( ),胡适,鲁迅,陈独秀,李大钊,： D
358、中国革命的首要对象(   )。,大资产阶级,民族资产阶级,封建势力,帝国主义,： D
359、实现社会主义的必要政治前提是(   )。,无产阶级政党的领导,建立无产阶级专政,无产阶级的革命斗争,建立广泛的革命统一战线,： B
360、（）是我们立党立国的根本指导思想，在我国推进中华民族伟大复兴的征程中处处闪耀着真理的光辉。,毛泽东思想,马克思主义,科学社会主义,平均主义,： B
"361、爱国主义包含着情感、思想、行为三个方面,其中灵魂是(   )。",情感,思想,行为,意志,： B
362、1925年召开的中国共产党第四次全国代表大会的中心议题是 ( ),建立统一战线的问题,如何领导即将到来的革命高潮,共产党员、共青团员以个人身份加入中国国民党,强调同资产阶级争夺领导权,： B
363、属于社会理想的是(   )。,科学发展观,社会主义初级阶段,小康社会,中国特色社会主义的共同理想,： D
364、毛泽东提出的实现马克思主义与中国实际的“第二次结合”，就是要(   )。,走出中国自己的社会主义革命道路,走出中国自己的社会主义建设道路,延续“第一次结合”的内容,弥补“第一次结合”的错误,： B
365、时代精神的核心是,体制创新,制度创新,科技创新,改革创新,： D
366、建设现代化经济体系，必须建设创新引领、协同发展的(   )。,产业体系,市场体系,收入分配体系,城乡区域发展体系,： A
367、党的十九届四中全会指出，党和人民在长期实践探索中形成的科学制度体系是指（）。,中国特色社会主义制度,人民代表大会制度,多党合作和政治协商制度,民族区域自治制度,： A
368、“两个一百年”奋斗目标是指,"第一个一百年,是到中国共产党成立100年时全面建成小康社会;第二个一百年,是到建军一百年成为世界第一强大国家。","第一个一百年,是到新中国成立100年时建成富强、民主、文明、和谐的社会主义现代化国家;第二个一百年,是改革开放一百年成为世界强国。","第一个一百年,是改革开放一百年成为世界强国;第二个一百年,是到建军一百年成为世界第一强大国家。","第一个一百年,是到中国共产党成立100年时全面建成小康社会;第二个一百年,是到新中国成立100年时建成富强、民主、文明、和谐的社会主义现代化国家。",： D
"369、在我国社会主义初级阶级,社会主义集体主义道德原则具有多层次的道德要求。其中最基本的道德要求是(   )。",无私奉献、一心为公,损公肥私、损人利己,先公后私、先人后己,公私兼顾、不损公肥私,： D
"370、孔子说,“仁远乎哉?我欲仁,斯仁至矣”,反映的是中华民族(   )优良道德传统。","推崇“仁爱”原则,追求人际和谐","重视道德践履,强调修养的重要性,倡导道德主体要在完善自身中发挥自己的能动作用","讲求谦敬礼让,强调克骄防矜","追求精神境界,把道德理想的实现看成是一种高层次的需要",： B
371、无产阶级政党的组织原则是(   )。,集体领导,理论联系实际,实事求是,民主集中制,： D
372、文化传统是一个民族群体意识的(   )。,体现,载体,本质,内容,： B
373、近代中国第一个领导资产阶级革命的全国性政党是 ( ),兴中会,光复会,强学会,同盟会,： D
374、一九五三年九月，毛泽东在对民主党派和工商界部分代表讲话时指出:改造资本主义工商业和逐步完成社会主义过渡的必经之路是(   )。,剥夺资本家的财产,排挤私营工商业,国家资本主义,保护民族工商业,： C
375、1956年召开的党的代表大会是党的(   )。,七大,八大,九大,十大,： B
376、中国第一个地方共产党组织是 ( ),武汉共产主义小组,广州共产主义小组,上海共产主义小组,北京共产主义小组,： C
377、“代替那存在的阶级和阶级对立的资产阶级旧社会的，将是这样一个联合体，在那里，每个人的自由发展是一切人的自由发展的条件”。这是(   )。,《共产党宣言》中的一段话,《共产主义原理》中的一段话,《哥达纲领批判》中的一段话,《资本论》中的一段话,： A
378、1927年10月，毛泽东率领秋收起义部队开辟的创建农村革命根据地是 ( ),井冈山革命根据地,闽浙赣革命根据地,左右江革命根据地,湘鄂西革命根据地,： A
"379、大革命失败后，点燃""工农武装割据""""星星之火""是指 ( )",中华苏维埃共和国成立,南昌起义,"""八七""会议",井冈山根据地建立,： D
380、习近平总书记在党的十九大报告中指出，中国将“始终做世界和平的（）、全球发展的（）、国际秩序的（）”。,建设者  贡献者  维护者,贡献者  维护者  建设者  ,建设者  维护者  贡献者  ,维护者  建设者  贡献者  ,： A
381、中国共产党早期组织领导的第一个工会是 ( ),上海工人俱乐部,上海机器工会,长辛店工人俱乐部,北京机器工会,：B
382、建设中国特色社会主义文化，必须巩固(   )在意识形态领域的指导地位，牢牢掌握意识形态工作领导权。,西方马克思主义,马克思主义,马克思主义哲学,马克思主义政治经济学,： B
383、下列有关开放型经济发展描述不正确的是（）。 ,经济增长对出口的依赖关系是开放型经济发展的负面效应之一,开放型经济发展给我国带来的负面影响大于正面影响,经济危机开启中国开放型经济发展的新阶段之一,保障和改善中国的民生是中国开放型经济发展的战略目标,： B
384、不属于新民主主义革命时期的统一战线的是(   )。,工农民主统一战线,抗日民族统一战线,人民民主统一战线,新时期爱国统一战线,： D
385、经过长期努力，中国特色社会主义进入了新时代，这是我国发展新的（）。,未来方向,未来方位,历史方向,历史方位,： D
386、中华人民共和国的成立，标志着 ( ),土地革命的彻底完成,新民主主义革命取得了基本的胜利,旧民主主义革命的胜利,无产阶级社会主义革命的胜利,： B
387、全面依法治国的总目标是建设中国特色社会主义法制体系建设,社会主义法治国家,社会主义富强国家,社会主义民主国家,社会主义现代化国家,： A
388、2020年脱贫攻坚任务完成后，我国将有1亿左右贫困人口实现脱贫，这也意味着我国将提前（）实现联合国2030年可持续发展议程的减贫目标。,10年,5年,8年,15年,： A
389、党的十三大提出基本实现我国社会主义现代化的发展战略是(   )。,“三步走”发展战略,“四步走”发展战略,“五步走”发展战略,“全面小康”发展战略,： A
390、坚持中国共产党的领导，就是要坚持党在建设中国特色社会主义事业中的(   )地位，发挥党总揽全局、协调各方的作用。,政治,重要,领导核心,思想领导,： C
391、中国特色社会主义最本质的特征是（）。,“五位一体”总体布局,“四个全面”战略布局,走社会主义道路,中国共产党领导,： D
392、党的十八大以来我们党明确提出的总体国家安全观，坚持国家利益至上，以促进(   )安全为依托。,经济、政治、文化,军事、文化、社会,国内,国际,： D
393、中国历史上最伟大最深刻的社会变革之一是 ( ),中国共产党的成立,社会主义改造的完成,中华人民共和国的成立,十一届三中全会的召开,： B
394、新中国成立初期，除人民解放军在前线的胜利之外，中央人民政府为人民所做的最大的一件工作是 ( ),稳定物价和统一财政工作,镇压反革命,人民币的发行范围扩大到所有解放区,没收官僚资本,： A
395、中国革命和建设取得成功的根本经验是(   )。,独立自主、自力更生,把马克思主义与中国具体实际相结合,武装斗争、党的建设、统一战线,群众路线,： B
396、“三个代表”重要思想提出了党的建设的新要求，必须使全党始终保持(   )的精神状态，不断开拓马克思主义理论发展的新境界。,求真务实,实事求是,积极创新,与时俱进,： D
397、党的十九大提出：从2035年到本世纪中叶，在基本实现现代化的基础上，再奋斗15年，把我国建成（）的社会主义现代化强国。,富强民主文明和谐公平,富强民主文明和谐正义,富强民主文明和谐法治,富强民主文明和谐美丽,： D
398、新时代党的建设总要求是坚持和加强党的全面领导，坚持党要管党、全面从严治党，以(   )为主线。,加强党的长期执政能力建设、先进性和纯洁性建设,党的政治建设,坚定理想信念宗旨,调动全党积极性、主动性、创造性,： A
"399、1935年12月, 中国共产党确定抗日民族统一战线政策的会议是 ( )",晋绥干部会议,瓦窑堡会议,洛川会议,遵义会议,： B
400、实现由新民主主义向社会主义过渡的前提条件是 ( ),帝国主义侵略被打败,封建主义统治被推翻,官僚资本被没收,中华人民共和国的成立,： D
401、十五届五中全会进一步提出，从(   )开始，我国将进入全面建设小康社会、加快推进社会主义现代化的新的发展阶段。,二十世纪前十年,建党一百年,建国一百年,新世纪,： D
402、将“三个代表”重要思想与马克思列宁主义、毛泽东思想和邓小平理论一道确立为党必须长期坚持的指导思想，并写入党章。,十五大,十六大,十七大,十四大,： B
403、党的十八大以来我们党明确提出的总体国家安全观，坚持国家利益至上，以(   )安全为保障。,经济、政治、文化,政治、文化、社会,军事、文化、社会,国内、国际,： C
404、“两个一百年”奋斗目标，即到建党100年时建成(   );到新中国成立100年时基本实现现代化，建成(   )。,小康社会 社会主义现代化国家,大同社会 社会主义现代化国家,和谐社会 社会主义现代化国家,小康社会 共产主义社会,： A
405、党的十三大，第一次比较系统地论述了我国(   )理论。,社会主义初级阶段,经济建设,政治体制改革,文化发展,： A
406、提出经济建设“三步走”战略是在（）。,党的十二大,党的十三大,党的十四大,党的十五大,： B
407、最先在中国大地率先举起马克思主义旗帜的是 ( ),毛泽东,鲁迅,李大钊,陈独秀,： C
408、新中国初期建立社会主义国营经济的主要途径是(   )。,没收帝国主义在华企业,没收官僚资本,赎买民族资产阶级的财产,剥夺地主阶级的财产,： B
409、解放战争时期，明确规定废除封建性及半封建剥削的土地制度的文献是  ( ),《中华人民共和国土地法大纲》,《关于清算、减租及土地问题的指示》,《中国土地法大纲》,《五四指示》,： C
410、近代中国第一个领导资产阶级革命的全国性政党是 ( ),兴中会,光复会,强学会,同盟会,： D
411、一九五三年九月，毛泽东在对民主党派和工商界部分代表讲话时指出:改造资本主义工商业和逐步完成社会主义过渡的必经之路是(   )。,剥夺资本家的财产,排挤私营工商业,国家资本主义,保护民族工商业,： C
412、1956年召开的党的代表大会是党的(   )。,七大,八大,九大,十大,： B
413、中国第一个地方共产党组织是 ( ),武汉共产主义小组,广州共产主义小组,上海共产主义小组,北京共产主义小组,： C
414、1856年的  ( )  是太平天国由盛到衰的转折点,辛酉政变,玄武门之变,天京事变,戊戌政变,： C
415、1927年10月，毛泽东率领秋收起义部队开辟的创建农村革命根据地是 ( ),井冈山革命根据地,闽浙赣革命根据地,左右江革命根据地,湘鄂西革命根据地,： A
"416、大革命失败后，点燃""工农武装割据""""星星之火""是指 ( )",中华苏维埃共和国成立,南昌起义,"""八七""会议",井冈山根据地建立,： D
417、中国共产党早期组织领导的第一个工会是 ( ),上海工人俱乐部,上海机器工会,长辛店工人俱乐部,北京机器工会,： B
418、19世纪40—60年代，马克思的两大发现是(   )。,唯物史观和剩余价值学说,唯物论和辩证法,唯物辩证法和科学社会主义,劳动价值论和科学社会主义,： A
419、鸦片战争后，中国经济逐渐被卷入世界资本主义市场，其对中国的影响不包括  ( ),自给自足的自然经济逐步解体,英国对华输出商品激增,封建地主土地所有制瓦解,西方的先进生产技术逐步传入中国,： C
420、历史表明，(   )是决定国家政权属于什么性质的首要标志。,由哪个阶级对政权实行领导,由哪个阶级进行社会革命,由哪种理论来指导革命,实行何种生产资料所有制,： A
421、帝国主义列强对中国进行文化渗透的主要目的是 ( ),宣扬殖民主义奴化思想，麻醉中国人民的精神，摧毁中国人民的民族自尊心和自信心,干涉中国内政,传播西方文化和科学,进行传教活动,： A
422、1920年，俄共派 ( ) 来华，这对中共的创建起了促进作用,马林,维经斯基,鲍罗廷,布哈林,： B
423、19世纪末，维新变法从一种思潮得以发展成为一场政治运动，关键是： ( ),维新派拥有广泛的阶级基础,维新派把维新变法与救亡图存结合起来,维新派争取到光绪帝的支持,维新派发展资本主义的主张符合历史发展趋势,： B
424、百团大战的指挥者是 ( ),徐向前        ,邓小平,朱德,彭德怀,： D
425、1935年12月，毛泽东作了 ( ) 的报告，系统解决了中国共产党的政治路线上的问题。,《论反对日本帝国主义的策略》,《中国革命战争的战略问题》,《发对本本主义》,《矛盾论》,： A
426、党对农业的社会主义改造采取了循序渐进的步骤，逐步实现过渡。其中第二步是组织(   )。,农业生产变工队,农业生产互助组,初级农业生产合作社,高级农业生产合作社,： C
427、实现中华民族伟大复兴的中国梦的奋斗目标是在（）首次提出的。,2012年11月习近平同志参观《复兴之路》展览时,2012年12月习近平同志到访深圳莲花山公园，瞻仰小平同志铜像时,2012年11月中国共产党第十八次全国代表大会,2012年12月中共中央政治局会议,： A
428、发布下令镇压义和团运动的上谕 ( ),咸丰帝,道光帝,慈禧太后,光绪帝,： C
429、辽沈战役的主要领导人是  ( ),林彪、粟裕,朱德、彭德怀,邓小平、刘伯承,林彪、罗荣桓,： D
430、孙中山所说的政治革命的内容是 ( ),恢复中华,平均地权,创立民国,驱逐鞑虏,： C
431、中国共产党关于社会主义建设道路的探索是(   )开始的。,从探索了工业化的道路后,在对苏联模式弊端已有认识的背景下,从对社会主义社会基本矛盾的认识基础上,从中国社会主义改造道路的实践中,： B
432、党的十九大进一步明确提出，从现在到2020年是全面建成小康社会的（）。,攻坚期,冲刺期,决胜期,收尾期,： C
433、1929年4月制定的《兴国土地法》对《井冈山土地法》的一个原则性纠正是( ),改土地归工农民主政府所有为归农民自己所有,改按人口平分土地为按劳动力分配土地,改没收一切土地为没收一切公共土地及地主阶级的土地,"改""抽多补少"" 为""抽肥补瘦""",： C
434、在抗日战争中，国民党由比较积极地抗战转向消极抗战的标志是 ( ),国民党五届四中全会的召开,国民党五届六中全会的召开,国民党五届五中全会的召开,国民党五届三中全会的召开,： C
435、1922年7月，中国共产党第二次全国代表大会制定了 ( ),同中国国民党建立统一战线的策略,发动武装起义、开展土地革命的方针,坚持共产党领导权和巩固工农联盟的总方针,彻底的反帝反封建的民主革命纲领,： D
436、1949年政协会议上选举的中央人民政府主席是 ( ),周恩来,朱德,刘少奇,毛泽东,： D
437、国共合作北伐的对象中控制东北地区的军阀是 ( ),陈炯明,吴佩孚,张作霖,孙传芳,： C
438、从鸦片战争到辛亥革命期间，中国人民所进行的反帝反封建的斗争 ，属于(   )。,旧民主主义革命范畴,新民主主义革命范畴,过渡时期,新民主主义社会,： A
439、中国人是从 ( ) 后开始真正了解马克思主义的,俄国十月革命,五四运动,新文化运动,辛亥革命,： A
440、下列关于延安整风运动的表述，不准确的是 ( ),为新民主主义革命在全国的胜利奠定了思想基础,"在思想上清算了""左""的和右的错误",确立毛泽东思想为全党的指导思想,"实行了""惩前毖后，治病救人""的方针",： C
441、毛泽东的(   )一文标志着党探索中国社会主义建设道路的良好开端。,《实践论》,《新民主主义论》,《论人民民主专政》,《论十大关系》,： D
442、改革开放后，我国首部宪法诞生于（）。,1980年,1982年,1984年,1987年,： B
443、邓小平在党的(   )开幕词中首次提出中国特色社会主义这一命题。,十一大,十二大,十三大,十四大,： B
444、国共合作之下进行的北伐战争所喊出的 ( ) 口号响彻大江南北,打倒军阀，除列强,外争国权，内惩国贼,打倒土豪，分田地,停止内战，一致对外,： A
"445、""二次革命""的导火线是 ( )",孙中山辞去民国总统,黄兴解散南方的革命军队,宋教仁被暗杀,"袁世凯政府与日本签订""二十一条约""",： C
446、在农业合作化运动中，具有社会主义性质的经济组织形式是  ( ),初级农业生产合作社,农村人民公社,互助组,高级农业生产合作社,： D
447、社会主义从空想到科学的标志是(   )。,《共产党宣言》的发表,“共产主义者同盟”的建立,空想社会主义理论的破灭,无产阶级革命的胜利,： A
"448、日本在沦陷区发动""治安强化运动""和""清乡""的根本目的是 ( )",维护殖民统治,实行特务统治,实行恐怖政策,肃清抗日力量,： A
449、中华人民共和国的成立，标志着 ( ),土地革命的彻底完成,新民主主义革命取得了基本的胜利,旧民主主义革命的胜利,无产阶级社会主义革命的胜利,： B
450、毛泽东提出新民主主义革命的三大法宝的著作是(   )。,《共产党人》发刊词,《论人民民主专政》,《新民主主义论》,《论联合政府》,： A
451、(   )是党对军队绝对领导的最高实现形式。,军委主席负责制,国家主席负责制,首长负责制,党委负责制,： A
452、改革开放之初，首先用“小康”一词来诠释中国式现代化的是（）。,毛泽东,邓小平,周恩来,刘少奇,： B
453、习近平总书记强调，说一千、道一万，（）是关键，这不仅是脱贫攻坚能否打赢的关键，更是激发贫困群众增收的内生动力所在。,增加农民收入,提高农民幸福感,提升农民文化素质,增强农民生产技能,： A
454、20世纪80年代，邓小平为我们勾画了现代化建设“三步走”的战略部署，到20世纪末，我们实现了战略部署的第二步，即（）。,解决温饱问题,总体上达到小康水平,进入全面小康社会,基本实现现代化,： B
455、社会主义建设时期，提出知识分子是工人阶级一部分的观点的党和国家领导人是(   )。,毛泽东,刘少奇,周恩来,朱德,： C
456、党的十九大提出：从2020年到2035年，在全面建成小康社会的基础上，再奋斗15年，（）。,实现社会主义现代化,建成社会主义现代化强国,实现中华民族伟大复兴,基本实现社会主义现代化,： D
457、党的过渡时期总路线的主体是(   )。,三大改造,社会主义革命和社会主义建设同时并举,社会主义工业化建设,对农业的社会主义改造,： C
458、党的十八大提出了到(   )年全面建成小康社会的奋斗目标。,2019,2020,2021,2022,： B
459、在精准扶贫的主要内容中，精准安排扶贫项目，解决的是（）的问题。,“扶持谁”,“谁来扶”,“怎么扶”,“如何退”,： C
460、习近平总书记在参加内蒙古代表团的审议时发表重要讲话指出，我们党没有自己特殊的利益，党在任何时候都把（）放在第一位。,国家利益,群众利益,社会发展,经济利益,： B
461、把握精准扶贫的内涵，要重点理解精准识别、精准帮扶和精准考核。其中，（）是保障。,精准识别,精准帮扶,精准考核,精准施策,： C
462、坚决打赢脱贫攻坚战，让贫困人口和贫困地区同全国一道进入全面小康社会是我们党的（）。,历史使命,脱贫任务,根本目标,庄严承诺,： D
463、现阶段，我国已经初步实现了小康，并正在为建设更高水平的小康社会而奋斗。下列对我国现阶段的小康水平认识正确的是（）。,只是在经济上实现全面小康,是低水平、不全面、发展不平衡的小康,已经实现全面小康，只是水平仍比较低,是少数人的小康，多数人还处于贫困状态,： B
464、习近平总书记在全国宣传思想工作会议上的讲话指出，要把（）作为宣传思想工作的重中之重来抓。,线上线下舆论工作,新闻舆论工作,社会舆论工作,网上舆论工作,： D
465、社会主义分配制度既有利于鼓励先进，促进效率，最大限度激发活力，又有利于防止两极分化，逐步实现共同富裕，使人民群众共享改革发展成果。要有针对性地完善相关制度和政策，坚持和完善社会主义（）制度。,发展,分配,经济,政治,： B
466、使新生的中华人民共和国掌握了国家经济命脉的措施是 ( ),稳定物价，合理调整工商业,没收官僚资本归工人阶级领导的人民共和国所有,赎买民族资本,"开展""三反""、""五反""运动",： B
467、我国按照亲诚惠容理念和（）周边外交方针，深化同周边国家关系。,团结为先、合理斗争,交往与防范并举 ,与邻为善、以邻为伴,少打交道、防范矛盾,： C
468、中国特色社会主义制度具有（）的特点，能够在短时间内集聚起全社会的力量，能够在党组织和党员干部的模范带动作用下调动起全民的力量。,实事求是,集中力量办大事,以人民为中心,与时俱进,： B
469、党的政治建设的首要任务是(   )。,坚定执行党的政治路线，严格遵守政治纪律和政治规矩,保证全党服从中央，坚持党中央权威和集中统一领导,要尊崇党章，严格执行新形势下党内政治生活若干准则,完善和落实民主集中制的各项制度，坚持民主基础上的集中和集中指导下的民主相结合,： B
470、习近平总书记说：“实现中华民族伟大复兴的中国梦，就是要实现（ ），既深深体现了今天中国人的理想，也深深反映了中国人自古以来不懈追求进步的光荣传统。”,社会主义文明发展,共产主义社会,国家富强、民族振兴、人民幸福 ,特色社会主义,： C
471、国家在社会主义初级阶段的基本经济制度是（）。,坚持以公有制为主体，多种所有制经济共同发展,坚持公有制的主体地位,坚持以全民所有制为主体，集体和其他经济成分共同发展,坚持以按劳分配为主体，多种分配方式并存,： A
472、社会经济关系所表现出来的利益决定着道德的基本原则和(     )。,基本功能,基本性质,基本要素,主要规范,： D
473、中国特色社会主义建设道路的探索始于(   )。,毛泽东,邓小平,江泽民,胡锦涛,： A
474、全面建设社会主义现代化国家的进程分两个阶段来安排。第二个阶段，从(   )，在基本实现现代化的基础上，把我国建成富强民主文明和谐美丽的社会主义现代化国家。,2000年到2020年,2018年到2035年,2035年到本世纪中叶,2020年到2035年,： C
475、我国建国初期属于(   )。,新民主主义社会,社会主义社会,资本主义社会,半殖民地半封建社会,： A
476、带领人民群众创造幸福生活，就要坚持以人民为中心的发展思想，以保障和改善(   )为重点，发展各项社会事业。,教育,民生,医疗,工作,： B
477、（）是解决一切问题的总钥匙。,融合,共享,发展,繁荣,： C
478、完善城市群和城镇发展体系，要以（）四大中心城市作为区域发展的核心引擎。,广州、深圳、珠海、中山,香港、澳门、广州、珠海,香港、澳门、广州、中山,香港、澳门、广州、深圳,： D
479、官僚资本企业由人民政府接管后，成为 ( ),社会主义性质的集体经济,新民主主义性质的集体经济,新民主主义性质的国营经济,社会主义性质的国营经济,： D
480、中国共产党 ( ) 将毛泽东思想规定为中国共产党的一切工作的指针。,七届二中全会,第七次全国代表大会,六届六中全会,六届七中全会,： B
481、2014年十八届四中全会通过了(   )，明确提出全面推进依法治国，加快建设法治中国，开启了中国特色社会主义法治道路的新征程。,《关于全面推进依法制国若干重大问题的决定》,《关于全面推进依法治国若干重大问题的决定》,《关于全面推进依法治国若干重大关系问题的决定》,《关于全面推进依宪治国若干重大问题的决定》,： B
482、优化现代化经济体系的空间布局，必须实施好(   )。,创新驱动发展战略,区域协调发展战略,科教兴国战略,人才强国战略,： B
"483、社会主义思想道德建设必须以为人民服务为核心,以集体主义为原则,以(   )。",诚实守信为重点,思想教育为重点,心理健康为重点,理论建设为重点,： A
484、党在过渡时期的总路线和总任务是(   ),无产阶级领导的、人民大众的，反对帝国主义、封建主义、官僚资本主义的革命,在一相当长的时期内，逐步实现国家的社会主义工业化，并逐步实现国家对农业、手工业和资本主义工商业的社会主义改造,鼓足干劲，力争上游，多快好省地建设社会主义,以经济建设为中心，坚持四项基本原则，坚持改革开放，自力更生，艰苦创业，为把中国建设成富强、民主、文明的社会主义现代化国家而奋斗。,： B
485、一九三九年，毛泽东第一次提出新民主主义革命的科学概念的著作是(   )。,《中国革命和中国共产党》,《在晋绥干部会议上的讲话》,《新民主主义论》,《论人民民主专政》,： A
486、习近平总书记强调：“疫情防控不只是医药卫生问题，而是（）的工作，是一个系统工程。”,全过程,全方面,全方位,全人员,： C
487、中国外交政策的宗旨是（）。,追求公正合理的国际秩序,维护我国的发展和繁荣,坚持独立自主、自力更生,维护世界和平、促进共同发展,： D
488、习近平总书记在国际舞台上阐述“一带一路”倡议是在（）。,2012年,2013年,2014年,2015年,： B
489、习近平强调:“谁牵住了(   )这个‘牛鼻子’，谁走好了这步先手棋，谁就能占领先机、赢得优势。”,改革开放,科技创新,社会治理,生产力,： B
490、率先提出“三步走”战略的领导人是（）。,邓小平,江泽民,胡锦涛,习近平,： A
491、党要承担起推动中国社会进步的历史责任，必须始终紧紧抓住(   )这个执政兴国的第一要务,创新,发展,和谐,改革,： B
"492、中国特色社会主义共同理想与共产主义远大理想有着内在的联系,它们之间是(   )。",个人理想和社会理想的关系,职业理想和道德理想的关系,阶段性理想和最终理想的关系,有实现可能性的理想和根本不可能实现的空想的关系,： C
493、社会主义建设时期，提出“我们的目标，是想造成一个又有集中又有民主，又有纪律又有自由，又有统一意志，又有个人心情舒畅、生动活泼，那样一种政治局面，以利于社会主义革命和社会主义建设”思想的党和国家领导人是(   )。,毛泽东,刘少奇,周恩来,朱德,： A
494、下列关于全面小康社会的建设进程的认识，错误的是（）。,是一种不平衡的发展过程,必须保持各地平衡发展，不允许出现贫富不均,支持部分地区率先实现现代化,必须坚持以经济建设为中心,： B
495、在我国，剥削阶级和剥削制度被消灭的标志是(   )。,中华人民共和国的建立,全国大陆的统一,社会主义改造的完成,土地改革的完成,： C
496、下面关于社会主义改造不正确的论述是(   )。,社会主义改造的基本完成标志着社会主义制度在中国的确立,社会主义改造的基本完成实现了中国历史上最广泛最深刻的社会变革,社会主义改造的基本完成为中国的社会主义现代化建设奠定了基础,社会主义改造的基本完成标志中国已经建成了社会主义,： D
497、在社会主义改造中，中国共产党对资本主义工商业所采取的政策是(   )。,利用,没收,限制,和平赎买,： D
498、社会主义各个阶段的划分最终是以(   )为标准。,生产力的发展,生产关系,生产资料的公有制程度,阶级斗争,： A
499、习近平总书记指出，（）是联防联控、群防群治的第一线，也是复工复产的第一线，是确保各项措施落实到位的关键所在。,基层,农村,城市,党组织,： A
500、新中国发展国民经济的第一个五年计划期间是指 ( ),1949-1954年,1952-1956年,1950-1955年,1953-1957年,： D
501、“七一”讲话指出，中国共产党经过90年的奋斗、创造、积累，取得了举世瞩目的发展成就，这些成就归结起来，就是（ ）,、高举了中国特色社会主义旗帜,、开辟了中国特色社会主义道路,、形成了中国特色社会主义理论体系 ,、确立了中国特色社会主义制度,：B
502、毛泽东思想系统回答了（ ）,、如何实现新民主主义革命和社会主义革命的问题,、什么是社会主义、怎样建设社会主义问题,、建设什么样的党、怎样建设党问题,、实现什么样的发展、怎样发展问题,：A
503、回顾90年中国的发展进步，可以得出一个基本结论是（ ）,、办好中国的事情，关键在党,、必须高举中国特色社会主义伟大旗帜,、必须坚持“一个中心、两个基本点”的基本路线,、中国特色社会主义制度为当代中国发展进步提供了根本制度保障,：A
504、中国共产党90年的发展历程告诉我们，政治路线确定之后，( )就是决定因素。,、党,、人民 ,、干部 ,、经济,：C
505、“七一”讲话指出，推进党的制度建设，要坚持以( )为根本、以( )为核心，坚持和完善党的领导制度，改革和完善党的领导方式和执政方式，发展党内民主，积极稳妥推进党务公开，保障党员主体地位和民主权利，完善党代表大会制度和党内选举制度，完善党内民主决策机制，保障党的团结统一，增强党的创造活力，坚决克服违反民主集中制原则的个人独断专行和软弱涣散现象。,、党章 民主集中制 ,、宪法 民主集中制,、党章 人民代表大会制度 ,、宪法 人民代表大会制度,：A
506、( )是第一资源，是国家发展的战略资源。,、土地 ,、人才 ,、黄金 ,、货币,：B
507、以经济建设为中心是（ ）,、立国之本 ,、强国之路 ,、兴国之要 ,、振国之基,：C
508、( )仍然是解决我国所有问题的关键。,、改革 ,、发展 ,、稳定,、党的领导,：B
509、发展社会主义民主政治，必须坚持中国特色社会主义政治发展道路，关键是要（ ）,、坚持党的领导、人民当家作主、依法治国有机统一,、扩大社会主义民主，建设社会主义法治国家，发展社会主义政治文明,、坚持发挥党总揽全局、协调各方的领导核心作用，提高党科学执政、民主执政、依法执政水平，保证党领导人民有效治理国家,、要坚持国家一切权力属于人民，健全民主制度，丰富民主形式，拓宽民主渠道，保证人民依法实行民主选举、民主决策、民主管理、民主监督,：A
（　　）成功推翻了满清政府的统治，结束了中国长达二千余年的封建皇权制度,. 土地革命,. 辛亥革命　　,. 工业革命　　　,. 旧民主主义革命,：B
下面哪一个不是辛亥革命的代表人物( )。,.孙中山　　,.宋教仁　　,.黄兴　　　,、蔡元培　,：　D
国共两党第一次合作推动了全国革命形势的发展，（　　）是国共两党共同进行的一场革命的、正义的战争。,.抗日战争　　,.鸦片战争　　,.甲午战争　　,.北伐战争,：D
513.1905年孙中山创建了我国统一的革命组织（　 ），有力推动了全国资产阶级民主革命运动的发展,.华兴会　　　,.兴中会　　,.光复会　　　,.中国同盟会,"：D
"
514.同盟会的革命纲领是：驱除鞑虏，恢复中华，（　　），平均地权。 ,.建立民国　,.拥护共和　,.民族统一　,．推翻帝制,"：A
"
515.　1905年，在《民报》发刊词中，孙中山把同盟会的革命纲领阐述为 （　　）三大主义，简称为“三民主义”。,族、民权、民主,众、民权、民生,．民主、民众、民生　 　,．民族、民权、民生　,"：A
"
516.　1911年12月，宣布独立的代表在（ 　 ）开会，选举孙中山为中华民国临时大总统,．北京,.武汉,.南京,．南昌　,"：C
"
（　　）年1月1日孙中山在南京宣誓就职，宣告中华民国正式成立。,．1911,．1912,．1913,．1914,"：B
"
辛亥革命时期清政府的皇帝是（　　）。,．慈禧,．光绪,．溥仪　　,．袁世凯,"：C
"
清（　　）三年，即1911年是旧历的辛亥年，历史上把这次革命称为辛亥革命。它推翻了清朝统治，结束了我国两千多年的封建帝制，使民主共和观念深入人心。,．道光,．同治,．光绪　,．宣统,：D
辛亥革命的果实被北洋军阀的首领（ ）窃取了。,．袁世凯 ,．冯国璋 ,．段琪瑞　,．张作霖,"：A
"
标志辛亥革命全面爆发的起义是( )。,．南昌起义,收起义 ,昌起义 ,．百色起义,：C
要想参观辛亥革命遗址，最理想的去处应该是( )。,．武昌　南京 ,津　北京 ,海　广州,．延安　遵义,"：A
"
辛亥革命的评价，不正确的是( )。,民主共和的观念深入人心,族资本主义发展创造了条件,．建立了资产阶级共和国,．推翻了统治中国两千多年的封建制度,"：C
"
中国同盟会在什么地点成立？( )　,.法国巴黎　　,.中国广州,.日本东京,.中国南京,：C
525. 《党章》规定，党员必须坚持 ( )-高于一切，个人利益服从党和人民的利益，吃苦在前，享受在后，克己奉公，多做贡献。,.个人利益-,.局部利益-,.集体利益-,.党和人民的利益,：D
526.  2023年政府工作报告指出，过去五年，港澳台工作取得新进展。香港进入（ ）。,、由衰到兴走向由兴及盛的新时代,、由乱到治走向由治及兴的新阶段,、由分到合走向由合到兴的新时期,、由乱到衰走向由衰到盛的新进程,：B
527. 预备党员必须面向( )进行入党宣誓。,、党支部所有成员,、党旗,、党徽,、支部书记,：B
528. 党章规定，党员的年龄从（ ）算起, 支部大会通过他为预备党员, 递交入党志愿书, 预备期满转为正式党员, 第一次缴纳党费,: C
529. 下列关于中国共产党党章的说法，哪一项是正确的（）,. 党章只是党内的一份普通文件，对党员没有强制约束力。,. 党章规定了党的纲领、组织原则和行为规范，是党的根本大法。,. 党章的内容可以随意修改，不受任何限制。,. 党章只是党员入党的必要条件，入党后无需再遵守。, B
530.下列关于中国全国两会的说法，哪一项是正确的？,. 两会指的是中国共产党中央委员会和中央人民政府的联席会议。,. 两会每年在不同城市轮流召开，以促进地区均衡发展。,. 两会是中国全国人民代表大会和中国人民政治协商会议的简称，是中国政治生活中的重要事件。,. 两会只讨论经济问题，不涉及其他社会议题。, C
531. 首次规定“党员自请出党”(相当于现在党章规定的“退党”)的是什么时候(    )。,．党的一大 ,．党的二大 ,．党的三大 ,. 党的四大,：C
532. 《中国共产党第一个纲领》是党的哪一次代表大会制定的？,．党的一大  ,．党的二大  ,．党的三大  ,. 党的四大,:A
